key	en	es	state	batch	reviewer	rev_date	qupath_ver	issues	notes
Startup.license	QuPath is open-source software that is shared\nunder the terms of the GNU General Public License v3	QuPath is open-source software that is shared\nunder the terms of the GNU General Public License v3	PENDING				0.7.0		
Startup.showLicenses	Show licenses	Show licenses	PENDING				0.7.0		
Startup.use	This software is not intended for clinical, diagnostic or therapeutic purposes.	This software is not intended for clinical, diagnostic or therapeutic purposes.	PENDING				0.7.0		
Startup.dontShowAgain	Don't show this again (always accept)	Don't show this again (always accept)	PENDING				0.7.0		
Startup.accept	Accept	Accept	PENDING				0.7.0		
Startup.exit	Exit	Exit	PENDING				0.7.0		
Startup.title	Notice	Notice	PENDING				0.7.0		
Startup.extensions.title	Extensions	Extensions	PENDING				0.7.0		
Startup.extensions.prompt	Add extra features by installing optional extensions.	Add extra features by installing optional extensions.	PENDING				0.7.0		
Startup.extensions.header	Do you want to open QuPath's Extension Manager?	Do you want to open QuPath's Extension Manager?	PENDING				0.7.0		
Startup.extensions.more	Find out more (website)	Find out more (website)	PENDING				0.7.0		
Startup.extensions.remindMe	Remind me next time	Remind me next time	PENDING				0.7.0		
ContextHelp.title	Context help	Context help	PENDING				0.7.0		
ContextHelp.defaultHelpText	Move the cursor over something to view any available help text	Move the cursor over something to view any available help text	PENDING				0.7.0		
ContextHelp.warning.maskImageNames	"Image names are currently masked. \nYou can change this by right-clicking in the project pane and selecting ""Mask image names"". "	"Image names are currently masked. \nYou can change this by right-clicking in the project pane and selecting ""Mask image names"". "	PENDING				0.7.0		
ContextHelp.warning.selectionMode	Selection mode is active - this will switch drawing tools to become selection tools instead	Selection mode is active - this will switch drawing tools to become selection tools instead	PENDING				0.7.0		
ContextHelp.warning.hiddenObjectsPredicate	Overlay options are set to hide objects based on a predicate	Overlay options are set to hide objects based on a predicate	PENDING				0.7.0		
ContextHelp.warning.annotationsHidden	Annotations are hidden	Annotations are hidden	PENDING				0.7.0		
ContextHelp.warning.detectionsHidden	Detections are hidden	Detections are hidden	PENDING				0.7.0		
ContextHelp.warning.classificationsHidden	Objects might be hidden based on their classification.\nYou can change this in the 'Classifications' list under the 'Annotations' tab.	Objects might be hidden based on their classification.\nYou can change this in the 'Classifications' list under the 'Annotations' tab.	PENDING				0.7.0		
ContextHelp.warning.tmaCoresHidden	The TMA grid is hidden	The TMA grid is hidden	PENDING				0.7.0		
ContextHelp.warning.pixelOverlayHidden	Pixel classification overlay is hidden	Pixel classification overlay is hidden	PENDING				0.7.0		
ContextHelp.warning.opacityZero	Opacity slider is very low (unselected objects won't be visible)	Opacity slider is very low (unselected objects won't be visible)	PENDING				0.7.0		
ContextHelp.warning.noImage	No image is open in the current viewer	No image is open in the current viewer	PENDING				0.7.0		
ContextHelp.warning.noProject	No project is open (QuPath works best using projects)	No project is open (QuPath works best using projects)	PENDING				0.7.0		
ContextHelp.warning.gamma	Gamma value is not 1.0. This affects how the image is displayed.\nChange the gamma with the brightness/contrast dialog.	Gamma value is not 1.0. This affects how the image is displayed.\nChange the gamma with the brightness/contrast dialog.	PENDING				0.7.0		
ContextHelp.warning.invertedBackground	Image is being shown with inverted background.\nChange this option in the brightness/contrast dialog.	Image is being shown with inverted background.\nChange this option in the brightness/contrast dialog.	PENDING				0.7.0		
ContextHelp.warning.greyscale	"Image is being shown in greyscale, which only views one channel at a time.\nChange the channel being viewed or disable ""Show greyscale"" in the brightness/contrast dialog."	"Image is being shown in greyscale, which only views one channel at a time.\nChange the channel being viewed or disable ""Show greyscale"" in the brightness/contrast dialog."	PENDING				0.7.0		
ContextHelp.warning.noChannels	No channels are selected!\nUse the 'Brightness/Contrast' command to select channels.	No channels are selected!\nUse the 'Brightness/Contrast' command to select channels.	PENDING				0.7.0		
ContextHelp.warning.colorsSimilar	At least one classification color is similar to the default object color.\nIt will be hard to see whether objects are classified.	At least one classification color is similar to the default object color.\nIt will be hard to see whether objects are classified.	PENDING				0.7.0		
ContextHelp.warning.unseenErrors	There are errors reported in the log that have not yet been seen.\nPlease check the log for details.	There are errors reported in the log that have not yet been seen.\nPlease check the log for details.	PENDING				0.7.0		
ContextHelp.warning.pixelSizeMissing	Pixel size information is not set.\nThis is required for some commands, and can be set under the 'Image' tab.	Pixel size information is not set.\nThis is required for some commands, and can be set under the 'Image' tab.	PENDING				0.7.0		
ContextHelp.warning.pixelSizeDpi	Pixel size value is suspicious.\nIt looks like it is a dots-per-inch resolution value, which may be incorrect.	Pixel size value is suspicious.\nIt looks like it is a dots-per-inch resolution value, which may be incorrect.	PENDING				0.7.0		
ContextHelp.warning.imageTypeMissing	The image type is not set.\nThis is required for some commands, and can be set under the 'Image' tab.	The image type is not set.\nThis is required for some commands, and can be set under the 'Image' tab.	PENDING				0.7.0		
ContextHelp.warning.largeNonPyramidalImage	The image is large, but not pyramidal (i.e. multi-resolution).\nThis may cause performance problems that can be fixed by creating a pyramidal image.	The image is large, but not pyramidal (i.e. multi-resolution).\nThis may cause performance problems that can be fixed by creating a pyramidal image.	PENDING				0.7.0		
Welcome.title	Welcome	Welcome	PENDING				0.7.0		
Welcome.develop	Develop	Develop	PENDING				0.7.0		
Welcome.developMessage	Check out QuPath's source code on GitHub -\nor see what's new in the ChangeLog	Check out QuPath's source code on GitHub -\nor see what's new in the ChangeLog	PENDING				0.7.0		
Welcome.discuss	Discuss	Discuss	PENDING				0.7.0		
Welcome.discussMessage	Join other QuPath users & search thousands of discussions\non the Scientific Community Image Forum	Join other QuPath users & search thousands of discussions\non the Scientific Community Image Forum	PENDING				0.7.0		
Welcome.docs	Docs	Docs	PENDING				0.7.0		
Welcome.docsMessage	Find QuPath step-by-step guides, video tutorials\n& more on ReadTheDocs	Find QuPath step-by-step guides, video tutorials\n& more on ReadTheDocs	PENDING				0.7.0		
Welcome.welcomeMessage	Welcome to QuPath!	Welcome to QuPath!	PENDING				0.7.0		
Welcome.chooseTheme	Choose theme	Choose theme	PENDING				0.7.0		
Welcome.checkUpdates	Check for updates	Check for updates	PENDING				0.7.0		
Welcome.showOnStartup	Show this on startup	Show this on startup	PENDING				0.7.0		
Welcome.cite	Don't forget to cite the latest QuPath paper when you use the software!	Don't forget to cite the latest QuPath paper when you use the software!	PENDING				0.7.0		
Welcome.clickForDetails	Click here for details	Click here for details	PENDING				0.7.0		
Welcome.getStarted	Get started!	Get started!	PENDING				0.7.0		
Welcome.defaultMessage	Find out more about QuPath, customize key options,\nor click 'Get started!' to close this message	Find out more about QuPath, customize key options,\nor click 'Get started!' to close this message	PENDING				0.7.0		
Welcome.macOsAarch64	Bio-Formats does not yet fully support Apple Silicon -\na few image formats (e.g. .czi, .ndpis) only work with the Intel build\n{{Click here}} for more information.	Bio-Formats does not yet fully support Apple Silicon -\na few image formats (e.g. .czi, .ndpis) only work with the Intel build\n{{Click here}} for more information.	PENDING				0.7.0		
Startup.scriptTitle	Startup script	Startup script	PENDING				0.7.0		
Startup.scriptRun	Running startup script\n%s	Running startup script\n%s	PENDING				0.7.0		
AnalysisPane.projectTab	Project	Project	PENDING				0.7.0		
AnalysisPane.imageTab	Image	Image	PENDING				0.7.0		
AnalysisPane.annotationsTab	Annotations	Annotations	PENDING				0.7.0		
AnalysisPane.hierarchyTab	Hierarchy	Hierarchy	PENDING				0.7.0		
AnalysisPane.historyTab	Command history	Command history	PENDING				0.7.0		
AnalysisPane.workflowTab	Workflow	Workflow	PENDING				0.7.0		
AnalysisPane.switchText	Switch to %s pane.\nYou can also right-click a tab to undock it into its own window.Then close the window to make it a tab again.	Switch to %s pane.\nYou can also right-click a tab to undock it into its own window.Then close the window to make it a tab again.	PENDING				0.7.0		
AnalysisPane.measurementsTab	Measurements	Measurements	PENDING				0.7.0		
AnalysisPane.descriptionTab	Description	Description	PENDING				0.7.0		
Dialogs.noImage	No image is available!	No image is available!	PENDING				0.7.0		
Dialogs.noProject	No project is available!	No project is available!	PENDING				0.7.0		
General.objects.annotations	Annotations	Annotations	PENDING				0.7.0		
General.objects.detections	Detections	Detections	PENDING				0.7.0		
General.objects.cells	Cells	Cells	PENDING				0.7.0		
General.objects.tiles	Tiles	Tiles	PENDING				0.7.0		
General.objects.tmaCores	TMA cores	TMA cores	PENDING				0.7.0		
General.add	Add	Add	PENDING				0.7.0		
General.remove	Remove	Remove	PENDING				0.7.0		
General.deleteObject	Delete object	Delete object	PENDING				0.7.0		
General.deleteObjects	Delete objects	Delete objects	PENDING				0.7.0		
Tools.move	Move	Move	PENDING				0.7.0		
Tools.move.description	Move tool, both for moving around the viewer (panning) and moving objects (translating)	Move tool, both for moving around the viewer (panning) and moving objects (translating)	PENDING				0.7.0		
Tools.rectangle	Rectangle	Rectangle	PENDING				0.7.0		
Tools.rectangle.description	Click and drag to draw a rectangle annotation.\nHold down 'Shift' to constrain shape to be a square.	Click and drag to draw a rectangle annotation.\nHold down 'Shift' to constrain shape to be a square.	PENDING				0.7.0		
Tools.ellipse	Ellipse	Ellipse	PENDING				0.7.0		
Tools.ellipse.description	Click and drag to draw an ellipse annotation.\nHold down 'Shift' to constrain shape to be a circle.	Click and drag to draw an ellipse annotation.\nHold down 'Shift' to constrain shape to be a circle.	PENDING				0.7.0		
Tools.line	Line	Line	PENDING				0.7.0		
Tools.line.description	Click and drag to draw a line annotation.\nRight-click the toolbar button to optionally switch to use arrowheads.	Click and drag to draw a line annotation.\nRight-click the toolbar button to optionally switch to use arrowheads.	PENDING				0.7.0		
Tools.arrowStart	Arrow (start)	Arrow (start)	PENDING				0.7.0		
Tools.arrowEnd	Arrow (end)	Arrow (end)	PENDING				0.7.0		
Tools.arrowDouble	Arrow (double)	Arrow (double)	PENDING				0.7.0		
Tools.polygon	Polygon	Polygon	PENDING				0.7.0		
Tools.polygon.description	Create a closed polygon annotation.\nYou can either click individual points (with double-click to end) or click and drag (and release the mouse button to end).	Create a closed polygon annotation.\nYou can either click individual points (with double-click to end) or click and drag (and release the mouse button to end).	PENDING				0.7.0		
Tools.polyline	Polyline	Polyline	PENDING				0.7.0		
Tools.polyline.description	Create a polyline (i.e. open polygon) annotation.\nYou can either click individual points (with double-click to end) or click and drag (and release the mouse button to end).	Create a polyline (i.e. open polygon) annotation.\nYou can either click individual points (with double-click to end) or click and drag (and release the mouse button to end).	PENDING				0.7.0		
Tools.brush	Brush	Brush	PENDING				0.7.0		
Tools.brush.description	Click and drag to paint with a brush.\nBy default, the size of the region being drawn depends upon the zoom level in the viewer.	Click and drag to paint with a brush.\nBy default, the size of the region being drawn depends upon the zoom level in the viewer.	PENDING				0.7.0		
Tools.points	Points	Points	PENDING				0.7.0		
Tools.points.description	Click to add points to an annotation	Click to add points to an annotation	PENDING				0.7.0		
Tools.selectionMode	Selection mode	Selection mode	PENDING				0.7.0		
Tools.selectionMode.description	Turn on/off selection mode - this converts drawing tools into selection tools	Turn on/off selection mode - this converts drawing tools into selection tools	PENDING				0.7.0		
Toolbar.overlayOpacity.description	Adjust the overlay opacity	Adjust the overlay opacity	PENDING				0.7.0		
Toolbar.magnification	Magnification	Magnification	PENDING				0.7.0		
Toolbar.magnification.description	Display magnification - double-click to edit	Display magnification - double-click to edit	PENDING				0.7.0		
Toolbar.setMagnification	Set magnification	Set magnification	PENDING				0.7.0		
Toolbar.setDownsample	Set downsample factory	Set downsample factory	PENDING				0.7.0		
Toolbar.magnificationScale.description	Display scale value - double-click to edit	Display scale value - double-click to edit	PENDING				0.7.0		
Toolbar.showMeasurementsTable.description	Show measurements table	Show measurements table	PENDING				0.7.0		
Toolbar.viewerMenu.description	Options to show/hide items on QuPath's viewer - and other helper windows	Options to show/hide items on QuPath's viewer - and other helper windows	PENDING				0.7.0		
Toolbar.message.promptMagnification	Enter magnification	Enter magnification	PENDING				0.7.0		
Toolbar.message.invalidMagnification	Invalid magnification %s.\nPlease use a value greater than 0.	Invalid magnification %s.\nPlease use a value greater than 0.	PENDING				0.7.0		
Toolbar.message.promptDownsample	Enter downsample factor	Enter downsample factor	PENDING				0.7.0		
Toolbar.message.invalidDownsample	Invalid downsample %s.\nPlease use a value greater than 0.	Invalid downsample %s.\nPlease use a value greater than 0.	PENDING				0.7.0		
OverlayActions.showCountingGrid	Show grid	Show grid	PENDING				0.7.0		
OverlayActions.showCountingGrid.description	Show/hide the counting grid overlay	Show/hide the counting grid overlay	PENDING				0.7.0		
OverlayActions.setCountingGridSpacing	Set grid spacing	Set grid spacing	PENDING				0.7.0		
OverlayActions.setCountingGridSpacing.description	Set the spacing for the counting grid	Set the spacing for the counting grid	PENDING				0.7.0		
OverlayActions.showPixelOverlay	Show pixel classification	Show pixel classification	PENDING				0.7.0		
OverlayActions.showPixelOverlay.description	Show/hide the pixel overlay (used for pixel classification)	Show/hide the pixel overlay (used for pixel classification)	PENDING				0.7.0		
OverlayActions.showAnnotations	Show annotations	Show annotations	PENDING				0.7.0		
OverlayActions.showAnnotations.description	Show/hide annotation objects	Show/hide annotation objects	PENDING				0.7.0		
OverlayActions.showAnnotationNames	Show annotation names	Show annotation names	PENDING				0.7.0		
OverlayActions.showAnnotationNames.description	Show/hide annotation names (where available)	Show/hide annotation names (where available)	PENDING				0.7.0		
OverlayActions.fillAnnotations	Fill annotations	Fill annotations	PENDING				0.7.0		
OverlayActions.fillAnnotations.description	Fill/unfill annotation object ROIs for display	Fill/unfill annotation object ROIs for display	PENDING				0.7.0		
OverlayActions.showDetections	Show detections	Show detections	PENDING				0.7.0		
OverlayActions.showDetections.description	Show/hide detection objects	Show/hide detection objects	PENDING				0.7.0		
OverlayActions.fillDetections	Fill detections	Fill detections	PENDING				0.7.0		
OverlayActions.fillDetections.description	Fill/unfill detection object ROIs for display	Fill/unfill detection object ROIs for display	PENDING				0.7.0		
OverlayActions.showTMAGrid	Show TMA grid	Show TMA grid	PENDING				0.7.0		
OverlayActions.showTMAGrid.description	Show/hide the tissue microarray grid (where available)	Show/hide the tissue microarray grid (where available)	PENDING				0.7.0		
OverlayActions.showTMALabels	Show TMA grid labels	Show TMA grid labels	PENDING				0.7.0		
OverlayActions.showTMALabels.description	Show/hide the tissue microarray core labels (where available)	Show/hide the tissue microarray core labels (where available)	PENDING				0.7.0		
OverlayActions.showConnections	Show object connections	Show object connections	PENDING				0.7.0		
OverlayActions.showConnections.description	Show connections between objects, if available.\nThis can be used alongside some spatial commands, such as to display a Delaunay triangulation as an overlay.	Show connections between objects, if available.\nThis can be used alongside some spatial commands, such as to display a Delaunay triangulation as an overlay.	PENDING				0.7.0		
OverlayActions.showCellBoundaries	Cell boundaries only	Cell boundaries only	PENDING				0.7.0		
OverlayActions.showCellBoundaries.description	Display cells by drawing the cell boundary ROI only	Display cells by drawing the cell boundary ROI only	PENDING				0.7.0		
OverlayActions.showCellNuclei	Nuclei only	Nuclei only	PENDING				0.7.0		
OverlayActions.showCellNuclei.description	Display cells by drawing the cell nucleus ROIs only	Display cells by drawing the cell nucleus ROIs only	PENDING				0.7.0		
OverlayActions.showCellBoth	Nuclei & cell boundaries	Nuclei & cell boundaries	PENDING				0.7.0		
OverlayActions.showCellBoth.description	Display cells by drawing both the cell boundary and nucleus ROIs, where available	Display cells by drawing both the cell boundary and nucleus ROIs, where available	PENDING				0.7.0		
OverlayActions.showCellCentroids	Cell centroids only	Cell centroids only	PENDING				0.7.0		
OverlayActions.showCellCentroids.description	Display cells by drawing the cell centroids only.\nThe shape and color will depend upon the classification.	Display cells by drawing the cell centroids only.\nThe shape and color will depend upon the classification.	PENDING				0.7.0		
ViewerActions.overview	Show slide overview	Show slide overview	PENDING				0.7.0		
ViewerActions.overview.description	Show/hide the viewer overview image. This is a clickable thumbnail used for navigation.	Show/hide the viewer overview image. This is a clickable thumbnail used for navigation.	PENDING				0.7.0		
ViewerActions.location	Show cursor location	Show cursor location	PENDING				0.7.0		
ViewerActions.location.description	Show/hide the cursor location text	Show/hide the cursor location text	PENDING				0.7.0		
ViewerActions.scalebar	Show scalebar	Show scalebar	PENDING				0.7.0		
ViewerActions.scalebar.description	Show/hide the viewer scalebar	Show/hide the viewer scalebar	PENDING				0.7.0		
ViewerActions.zProject	Show Z-project overlay	Show Z-project overlay	PENDING				0.7.0		
ViewerActions.zProject.description	Show/hide controls to view projections of z-stacks.	Show/hide controls to view projections of z-stacks.	PENDING				0.7.0		
ViewerActions.synchronize	Synchronize viewers	Synchronize viewers	PENDING				0.7.0		
ViewerActions.synchronize.description	Synchronize panning and zooming when working with images open in multiple viewers	Synchronize panning and zooming when working with images open in multiple viewers	PENDING				0.7.0		
ViewerActions.matchResolutions	Match viewer resolutions	Match viewer resolutions	PENDING				0.7.0		
ViewerActions.matchResolutions.description	Adjust zoom factors to match the resolutions of images open in multiple viewers	Adjust zoom factors to match the resolutions of images open in multiple viewers	PENDING				0.7.0		
ViewerActions.detachViewer	Detach viewer from grid	Detach viewer from grid	PENDING				0.7.0		
ViewerActions.detachViewer.description	Detach the selected viewer from the viewer grid, into its own window	Detach the selected viewer from the viewer grid, into its own window	PENDING				0.7.0		
ViewerActions.attachViewer	Attach viewer to grid	Attach viewer to grid	PENDING				0.7.0		
ViewerActions.attachViewer.description	Add the detached viewer back to the viewer grid (if there is space for it)	Add the detached viewer back to the viewer grid (if there is space for it)	PENDING				0.7.0		
ViewerActions.zoomToFit	Zoom to fit	Zoom to fit	PENDING				0.7.0		
ViewerActions.zoomToFit.description	Adjust zoom for all images to fit the entire image in the viewer	Adjust zoom for all images to fit the entire image in the viewer	PENDING				0.7.0		
ViewerActions.grid1x1	Grid 1 x 1 (single viewer)	Grid 1 x 1 (single viewer)	PENDING				0.7.0		
ViewerActions.grid1x1.description	Set the viewer grid to contain a single viewer	Set the viewer grid to contain a single viewer	PENDING				0.7.0		
ViewerActions.grid2x1	Grid 2 x 1 (vertical)	Grid 2 x 1 (vertical)	PENDING				0.7.0		
ViewerActions.grid2x1.description	Set the viewer grid to contain 2 viewers, arranged vertically	Set the viewer grid to contain 2 viewers, arranged vertically	PENDING				0.7.0		
ViewerActions.grid1x2	Grid 1 x 2 (horizontal)	Grid 1 x 2 (horizontal)	PENDING				0.7.0		
ViewerActions.grid1x2.description	Set the viewer grid to contain 2 viewers, arranged horizontally	Set the viewer grid to contain 2 viewers, arranged horizontally	PENDING				0.7.0		
ViewerActions.grid2x2	Grid 2 x 2	Grid 2 x 2	PENDING				0.7.0		
ViewerActions.grid2x2.description	Set the viewer grid to contain 4 viewers, arranged in a 2x2 grid	Set the viewer grid to contain 4 viewers, arranged in a 2x2 grid	PENDING				0.7.0		
ViewerActions.grid3x3	Grid 3 x 3	Grid 3 x 3	PENDING				0.7.0		
ViewerActions.grid3x3.description	Set the viewer grid to contain 9 viewers, arranged in a 3x3 grid	Set the viewer grid to contain 9 viewers, arranged in a 3x3 grid	PENDING				0.7.0		
CommonActions.objectDescriptions	Show object descriptions	Show object descriptions	PENDING				0.7.0		
CommonActions.objectDescriptions.description	Show descriptions for the currently-selected object, where available.\nDescriptions can be any plain text, markdown or html added as the 'description' property to an object (currently, only annotations are supported).	Show descriptions for the currently-selected object, where available.\nDescriptions can be any plain text, markdown or html added as the 'description' property to an object (currently, only annotations are supported).	PENDING				0.7.0		
CommonActions.measureTMA	Show TMA measurements	Show TMA measurements	PENDING				0.7.0		
CommonActions.measureTMA.description	Show a measurement table for tissue microarray (TMA) cores	Show a measurement table for tissue microarray (TMA) cores	PENDING				0.7.0		
CommonActions.measureAnnotations	Show annotation measurements	Show annotation measurements	PENDING				0.7.0		
CommonActions.measureAnnotations.description	Show a measurement table for annotation objects	Show a measurement table for annotation objects	PENDING				0.7.0		
CommonActions.measureDetections	Show detection measurements	Show detection measurements	PENDING				0.7.0		
CommonActions.measureDetections.description	Show a measurement table for detection objects	Show a measurement table for detection objects	PENDING				0.7.0		
CommonActions.gridViewTMA	Show TMA core grid view	Show TMA core grid view	PENDING				0.7.0		
CommonActions.gridViewTMA.description	Show tissue microarray (TMA) core measurements in a grid view	Show tissue microarray (TMA) core measurements in a grid view	PENDING				0.7.0		
CommonActions.gridViewAnnotations	Show annotation grid view	Show annotation grid view	PENDING				0.7.0		
CommonActions.gridViewAnnotations.description	Show annotation measurements in a grid view	Show annotation measurements in a grid view	PENDING				0.7.0		
CommonActions.showAnalysisPane	Show analysis pane	Show analysis pane	PENDING				0.7.0		
CommonActions.showAnalysisPane.description	Show the analysis pane.\nThis contains the main tabs for managing projects, images and objects.	Show the analysis pane.\nThis contains the main tabs for managing projects, images and objects.	PENDING				0.7.0		
CommonActions.showHelp	Show interactive help	Show interactive help	PENDING				0.7.0		
CommonActions.showHelp.description	Show interactive help info based on the cursor location and QuPath's current state	Show interactive help info based on the cursor location and QuPath's current state	PENDING				0.7.0		
CommonActions.showLog	Show log	Show log	PENDING				0.7.0		
CommonActions.showLog.description	Show the log.\nThis is very helpful for identifying and debugging errors.\nIf you wish to report a problem using QuPath, please check the log for relevant information to provide.	Show the log.\nThis is very helpful for identifying and debugging errors.\nIf you wish to report a problem using QuPath, please check the log for relevant information to provide.	PENDING				0.7.0		
CommonActions.showPrefPane	Preferences...	Preferences...	PENDING				0.7.0		
CommonActions.showPrefPane.description	Set preferences to customize QuPath's appearance and behavior	Set preferences to customize QuPath's appearance and behavior	PENDING				0.7.0		
CommonActions.showBrightnessContrast	Brightness/Contrast	Brightness/Contrast	PENDING				0.7.0		
CommonActions.showBrightnessContrast.description	Show the brightness & contrast dialog.\nThis is also used to adjust channels and colors.\nIt makes it possible to change how the image is displayed, but does not change the image itself.	Show the brightness & contrast dialog.\nThis is also used to adjust channels and colors.\nIt makes it possible to change how the image is displayed, but does not change the image itself.	PENDING				0.7.0		
CommonActions.showCountingTool	Counting tool	Counting tool	PENDING				0.7.0		
CommonActions.showCountingTool.description	Show the counting pane.\nThis is used when annotating with the 'Point' tool.	Show the counting pane.\nThis is used when annotating with the 'Point' tool.	PENDING				0.7.0		
CommonActions.showPointConvexHull	Show point convex hull	Show point convex hull	PENDING				0.7.0		
CommonActions.showPointConvexHull.description	Show the convex hull for point annotations.\nThis helps identify the region containing points - and find any points in unexpected places.	Show the convex hull for point annotations.\nThis helps identify the region containing points - and find any points in unexpected places.	PENDING				0.7.0		
CommonActions.addTMANote	Add TMA note	Add TMA note	PENDING				0.7.0		
CommonActions.addTMANote.description	Add a note to a selected tissue microarray (TMA) core.	Add a note to a selected tissue microarray (TMA) core.	PENDING				0.7.0		
Menu.File	File	File	PENDING				0.7.0		
Menu.File.Project	Project	Project	PENDING				0.7.0		
Menu.File.ExportImage	Export images...	Export images...	PENDING				0.7.0		
Menu.File.ExportSnapshot	Export snapshot...	Export snapshot...	PENDING				0.7.0		
Menu.File.TMA	TMA data	TMA data	PENDING				0.7.0		
Action.File.Project.createProject	Create project...	Create project...	PENDING				0.7.0		
Action.File.Project.createProject.description	Create a new project.\nUsually it's easier just to drag an empty folder onto QuPath to create a project, rather than navigate these menus.	Create a new project.\nUsually it's easier just to drag an empty folder onto QuPath to create a project, rather than navigate these menus.	PENDING				0.7.0		
Action.File.Project.openProject	Open project...	Open project...	PENDING				0.7.0		
Action.File.Project.openProject.description	Open an existing project.\nUsually it's easier just to drag a project folder onto QuPath to open it, rather than bother with this command.	Open an existing project.\nUsually it's easier just to drag a project folder onto QuPath to open it, rather than bother with this command.	PENDING				0.7.0		
Action.File.Project.closeProject	Close project	Close project	PENDING				0.7.0		
Action.File.Project.closeProject.description	Close the current project, including any images that are open.	Close the current project, including any images that are open.	PENDING				0.7.0		
Action.File.Project.addImages	Add images...	Add images...	PENDING				0.7.0		
Action.File.Project.addImages.description	Add images to the current project.\nYou can also add images by dragging files onto the main QuPath window.	Add images to the current project.\nYou can also add images by dragging files onto the main QuPath window.	PENDING				0.7.0		
Action.File.Project.exportImageList	Export image list...	Export image list...	PENDING				0.7.0		
Action.File.Project.exportImageList.description	Export a list of the image paths for images in the current project.	Export a list of the image paths for images in the current project.	PENDING				0.7.0		
Action.File.Project.editMetadata	Edit project metadata...	Edit project metadata...	PENDING				0.7.0		
Action.File.Project.editMetadata.description	Edit the metadata for the current project.\nBy adding key-value properties to images, they can be sorted and queried more easily.	Edit the metadata for the current project.\nBy adding key-value properties to images, they can be sorted and queried more easily.	PENDING				0.7.0		
Action.File.Project.checkUris	Check project URIs	Check project URIs	PENDING				0.7.0		
Action.File.Project.checkUris.description	Check the 'Uniform Resource Identifiers' for images in the current project.\nThis basically helps fix things whenever files have moved and images can no longer be found.	Check the 'Uniform Resource Identifiers' for images in the current project.\nThis basically helps fix things whenever files have moved and images can no longer be found.	PENDING				0.7.0		
Action.File.Project.importLegacy	Import images from v0.1.2...	Import images from v0.1.2...	PENDING				0.7.0		
Action.File.Project.importLegacy.description	Import images from a legacy project (QuPath v0.1.2 or earlier).\nNote that it is generally a bad idea to mix versions of QuPath for analysis, but this can be helpful to recover old data and annotations.\n\nThe original images will need to be available, with the paths set correctly in the project file.	Import images from a legacy project (QuPath v0.1.2 or earlier).\nNote that it is generally a bad idea to mix versions of QuPath for analysis, but this can be helpful to recover old data and annotations.\n\nThe original images will need to be available, with the paths set correctly in the project file.	PENDING				0.7.0		
Action.File.TMA.importMap	Import TMA map...	Import TMA map...	PENDING				0.7.0		
Action.File.TMA.importMap.description	Import a TMA map, e.g. a grid containing 'Case ID' values for each core	Import a TMA map, e.g. a grid containing 'Case ID' values for each core	PENDING				0.7.0		
Action.File.TMA.exportData	Export TMA data...	Export TMA data...	PENDING				0.7.0		
Action.File.TMA.exportData.description	Export TMA data for the current image, in a format compatible with the 'TMA data viewer'	Export TMA data for the current image, in a format compatible with the 'TMA data viewer'	PENDING				0.7.0		
Action.File.TMA.dataViewer	Launch TMA data viewer	Launch TMA data viewer	PENDING				0.7.0		
Action.File.TMA.dataViewer.description	Launch the 'TMA data viewer' to visualize TMA core data that was previously exported	Launch the 'TMA data viewer' to visualize TMA core data that was previously exported	PENDING				0.7.0		
Action.File.ExportImage.original	Original pixels...	Original pixels...	PENDING				0.7.0		
Action.File.ExportImage.original.description	Export an image region, by extracting the pixels from the original image	Export an image region, by extracting the pixels from the original image	PENDING				0.7.0		
Action.File.ExportImage.rendered	Rendered RGB (with overlays)...	Rendered RGB (with overlays)...	PENDING				0.7.0		
Action.File.ExportImage.rendered.description	Export an image region, as an RGB image matching how it is displayed in the viewer	Export an image region, as an RGB image matching how it is displayed in the viewer	PENDING				0.7.0		
Action.File.ExportSnapshot.windowScreenshot	Main window screenshot...	Main window screenshot...	PENDING				0.7.0		
Action.File.ExportSnapshot.windowScreenshot.description	Export the area of the screen corresponding to the main QuPath window to the clipboard.\nThis includes any additional overlapping windows and dialog boxes.	Export the area of the screen corresponding to the main QuPath window to the clipboard.\nThis includes any additional overlapping windows and dialog boxes.	PENDING				0.7.0		
Action.File.ExportSnapshot.windowContent	Main window content...	Main window content...	PENDING				0.7.0		
Action.File.ExportSnapshot.windowContent.description	Export the contents of the main QuPath window to the clipboard.\nThis ignores any additional overlapping windows and dialog boxes.	Export the contents of the main QuPath window to the clipboard.\nThis ignores any additional overlapping windows and dialog boxes.	PENDING				0.7.0		
Action.File.ExportSnapshot.viewerContent	Current viewer content...	Current viewer content...	PENDING				0.7.0		
Action.File.ExportSnapshot.viewerContent.description	Export the contents of the current viewer to the clipboard.\nNote that this creates an RGB image, which does not necessarily contain the original pixel values.	Export the contents of the current viewer to the clipboard.\nNote that this creates an RGB image, which does not necessarily contain the original pixel values.	PENDING				0.7.0		
Action.File.open	Open...	Open...	PENDING				0.7.0		
Action.File.open.description	Open an image in the current viewer, using a file chooser.\nYou can also just drag the file on top of the viewer.	Open an image in the current viewer, using a file chooser.\nYou can also just drag the file on top of the viewer.	PENDING				0.7.0		
Action.File.openUri	Open URI...	Open URI...	PENDING				0.7.0		
Action.File.openUri.description	Open an image in the current viewer, by entering the path to the image.\nThis can be used to add images that are not represented by local files (e.g. hosted by OMERO), but beware that a compatible image reader needs to be available to interpret them.	Open an image in the current viewer, by entering the path to the image.\nThis can be used to add images that are not represented by local files (e.g. hosted by OMERO), but beware that a compatible image reader needs to be available to interpret them.	PENDING				0.7.0		
Action.File.reloadData	Reload data	Reload data	PENDING				0.7.0		
Action.File.reloadData.description	Reload any previously-saved data for the current image.\nThis provides a more dramatic form of 'undo' (albeit without any 'redo' option).	Reload any previously-saved data for the current image.\nThis provides a more dramatic form of 'undo' (albeit without any 'redo' option).	PENDING				0.7.0		
Action.File.save	Save	Save	PENDING				0.7.0		
Action.File.save.description	Save a .qpdata file for this image.\nThis command is best used within projects, where QuPath will choose the location to save the file.	Save a .qpdata file for this image.\nThis command is best used within projects, where QuPath will choose the location to save the file.	PENDING				0.7.0		
Action.File.saveAs	Save As...	Save As...	PENDING				0.7.0		
Action.File.saveAs.description	Save a .qpdata file for this image, specifying the file path.\nWarning! It is usually much better to use projects instead, and allow QuPath to decide where to store your data files.	Save a .qpdata file for this image, specifying the file path.\nWarning! It is usually much better to use projects instead, and allow QuPath to decide where to store your data files.	PENDING				0.7.0		
Action.File.importObjects	Import objects from file...	Import objects from file...	PENDING				0.7.0		
Action.File.importObjects.description	Import objects from GeoJSON or .qpdata files	Import objects from GeoJSON or .qpdata files	PENDING				0.7.0		
Action.File.exportGeoJSON	Export objects as GeoJSON...	Export objects as GeoJSON...	PENDING				0.7.0		
Action.File.exportGeoJSON.description	Export objects in GeoJSON format to file	Export objects in GeoJSON format to file	PENDING				0.7.0		
Action.File.quit	Quit	Quit	PENDING				0.7.0		
Action.File.quit.description	Quit QuPath	Quit QuPath	PENDING				0.7.0		
Menu.Edit	Edit	Edit	PENDING				0.7.0		
Menu.Edit.Copy	Copy to clipboard	Copy to clipboard	PENDING				0.7.0		
Action.Edit.undo	Undo	Undo	PENDING				0.7.0		
Action.Edit.undo.description	Undo the last action for the current viewer.\nNote QuPath's undo is limited, and turns itself off (for performance reasons) when many objects are present.\nThe limit can be adjusted in the preferences.	Undo the last action for the current viewer.\nNote QuPath's undo is limited, and turns itself off (for performance reasons) when many objects are present.\nThe limit can be adjusted in the preferences.	PENDING				0.7.0		
Action.Edit.redo	Redo	Redo	PENDING				0.7.0		
Action.Edit.redo.description	Redo the last action for the current viewer.	Redo the last action for the current viewer.	PENDING				0.7.0		
Action.Edit.Copy.selectedObjects	Selected objects	Selected objects	PENDING				0.7.0		
Action.Edit.Copy.selectedObjects.description	Copy the selected objects to the system clipboard as GeoJSON	Copy the selected objects to the system clipboard as GeoJSON	PENDING				0.7.0		
Action.Edit.Copy.annotationObjects	Annotation objects	Annotation objects	PENDING				0.7.0		
Action.Edit.Copy.annotationObjects.description	Copy all annotation objects to the system clipboard as GeoJSON	Copy all annotation objects to the system clipboard as GeoJSON	PENDING				0.7.0		
Action.Edit.Copy.currentViewer	Current viewer	Current viewer	PENDING				0.7.0		
Action.Edit.Copy.currentViewer.description	Copy the contents of the current viewer to the clipboard.\nNote that this creates an RGB image, which does not necessarily contain the original pixel values.	Copy the contents of the current viewer to the clipboard.\nNote that this creates an RGB image, which does not necessarily contain the original pixel values.	PENDING				0.7.0		
Action.Edit.Copy.mainWindowContent	Main window content	Main window content	PENDING				0.7.0		
Action.Edit.Copy.mainWindowContent.description	Copy the contents of the main QuPath window to the clipboard.\nThis ignores any additional overlapping windows and dialog boxes.	Copy the contents of the main QuPath window to the clipboard.\nThis ignores any additional overlapping windows and dialog boxes.	PENDING				0.7.0		
Action.Edit.Copy.mainWindowScreenshot	Main window screenshot	Main window screenshot	PENDING				0.7.0		
Action.Edit.Copy.mainWindowScreenshot.description	Copy the area of the screen corresponding to the main QuPath window to the clipboard.\nThis includes any additional overlapping windows and dialog boxes.	Copy the area of the screen corresponding to the main QuPath window to the clipboard.\nThis includes any additional overlapping windows and dialog boxes.	PENDING				0.7.0		
Action.Edit.Copy.fullScreenshot	Full screenshot	Full screenshot	PENDING				0.7.0		
Action.Edit.Copy.fullScreenshot.description	Make a screenshot and copy it to the clipboard.	Make a screenshot and copy it to the clipboard.	PENDING				0.7.0		
Action.Edit.paste	Paste	Paste	PENDING				0.7.0		
Action.Edit.paste.description	Paste the contents of the system clipboard, if possible.\nIf the clipboard contents are GeoJSON objects, the objects will be pasted to the current image.\nOtherwise, any text found will be shown in a the script editor.	Paste the contents of the system clipboard, if possible.\nIf the clipboard contents are GeoJSON objects, the objects will be pasted to the current image.\nOtherwise, any text found will be shown in a the script editor.	PENDING				0.7.0		
Action.Edit.pasteToCurrentPlane	Paste objects to current plane	Paste objects to current plane	PENDING				0.7.0		
Action.Edit.pasteToCurrentPlane.description	Paste GeoJSON objects from the system clipboard to the current z-slice and timepoint, if possible.\nNew object IDs will be generated if needed to avoid duplicates.	Paste GeoJSON objects from the system clipboard to the current z-slice and timepoint, if possible.\nNew object IDs will be generated if needed to avoid duplicates.	PENDING				0.7.0		
Action.Edit.resetPreferences	Reset preferences	Reset preferences	PENDING				0.7.0		
Action.Edit.resetPreference.description	Reset preferences to their default values.\nThis can be useful if you are experiencing any newly-developed persistent problems with QuPath.	Reset preferences to their default values.\nThis can be useful if you are experiencing any newly-developed persistent problems with QuPath.	PENDING				0.7.0		
Menu.Tools	Tools	Tools	PENDING				0.7.0		
Menu.Classify	Classify	Classify	PENDING				0.7.0		
Menu.Classify.ObjectClassification	Object classification	Object classification	PENDING				0.7.0		
Menu.Classify.PixelClassification	Pixel classification	Pixel classification	PENDING				0.7.0		
Menu.Classify.TrainingImages	Training images	Training images	PENDING				0.7.0		
Action.Classify.Objects.resetDetectionClassifications	Reset detection classifications	Reset detection classifications	PENDING				0.7.0		
Action.Classify.Objects.resetDetectionClassifications.description	Reset the classifications of all detections	Reset the classifications of all detections	PENDING				0.7.0		
Menu.Analyze	Analyze	Analyze	PENDING				0.7.0		
Menu.Analyze.Preprocessing	Preprocessing	Preprocessing	PENDING				0.7.0		
Menu.Analyze.Tiles	Tiles & superpixels	Tiles & superpixels	PENDING				0.7.0		
Menu.Analyze.CellDetection	Cell detection	Cell detection	PENDING				0.7.0		
Menu.Analyze.Features	Calculate features	Calculate features	PENDING				0.7.0		
Menu.Analyze.Spatial	Spatial analysis	Spatial analysis	PENDING				0.7.0		
Menu.Analyze.DensityMaps	Density maps	Density maps	PENDING				0.7.0		
Action.Analyze.Preprocessing.estimateStainVectors	Estimate stain vectors...	Estimate stain vectors...	PENDING				0.7.0		
Action.Analyze.Preprocessing.estimateStainVectors.description	Estimate stain vectors for color deconvolution in brightfield images.\nThis can be used when there are precisely 2 stains (e.g. hematoxylin and eosin, hematoxylin and DAB) to improve stain separation.	Estimate stain vectors for color deconvolution in brightfield images.\nThis can be used when there are precisely 2 stains (e.g. hematoxylin and eosin, hematoxylin and DAB) to improve stain separation.	PENDING				0.7.0		
Action.Analyze.Tiles.createTiles	Create tiles...	Create tiles...	PENDING				0.7.0		
Action.Analyze.Tiles.createTiles.description	Create tiles. These can be useful as part of a larger workflow, for example by adding intensity measurements to the tiles, training a classifier and then merging classified tiles to identify larger regions.	Create tiles. These can be useful as part of a larger workflow, for example by adding intensity measurements to the tiles, training a classifier and then merging classified tiles to identify larger regions.	PENDING				0.7.0		
Action.Analyze.Features.smoothedFeatures	Add smoothed features...	Add smoothed features...	PENDING				0.7.0		
Action.Analyze.Features.smoothedFeatures.description	Supplement the measurements for detection objects by calculating a weighted sum of the corresponding measurements from neighboring objects	Supplement the measurements for detection objects by calculating a weighted sum of the corresponding measurements from neighboring objects	PENDING				0.7.0		
Action.Analyze.Features.intensityFeatures	Add intensity features...	Add intensity features...	PENDING				0.7.0		
Action.Analyze.Features.intensityFeatures.description	Add new intensity-based features to objects	Add new intensity-based features to objects	PENDING				0.7.0		
Action.Analyze.Features.shapeFeatures	Add shape features...	Add shape features...	PENDING				0.7.0		
Action.Analyze.Features.shapeFeature.description	Add new shape-based features to objects	Add new shape-based features to objects	PENDING				0.7.0		
Action.Analyze.Spatial.distanceToAnnotations2D	Distance to annotations 2D...	Distance to annotations 2D...	PENDING				0.7.0		
Action.Analyze.Spatial.distanceToAnnotations2D.description	Calculate distances between detection centroids and the closest annotation for each classification, using zero if the centroid is inside the annotation.\nFor example, this may be used to identify the distance of every cell from 'bigger' region that has been annotated (e.g. an area of tumor, a blood vessel).	Calculate distances between detection centroids and the closest annotation for each classification, using zero if the centroid is inside the annotation.\nFor example, this may be used to identify the distance of every cell from 'bigger' region that has been annotated (e.g. an area of tumor, a blood vessel).	PENDING				0.7.0		
Action.Analyze.Spatial.signedDistanceToAnnotations2D	Signed distance to annotations 2D...	Signed distance to annotations 2D...	PENDING				0.7.0		
Action.Analyze.Spatial.signedDistanceToAnnotations2D.description	Calculate distances between detection centroids and the closest annotation for each classification, using the negative distance to the boundary if the centroid is inside the annotation.\nFor example, this may be used to identify the distance of every cell from 'bigger' region that has been annotated (e.g. an area of tumor, a blood vessel).	Calculate distances between detection centroids and the closest annotation for each classification, using the negative distance to the boundary if the centroid is inside the annotation.\nFor example, this may be used to identify the distance of every cell from 'bigger' region that has been annotated (e.g. an area of tumor, a blood vessel).	PENDING				0.7.0		
Action.Analyze.Spatial.detectionCentroidDistances2D	Detection centroid distances 2D...	Detection centroid distances 2D...	PENDING				0.7.0		
Action.Analyze.Spatial.detectionCentroidDistances2D.description	Calculate distances between detection centroids for each classification.\nFor example, this may be used to identify the closest cell of a specified type.	Calculate distances between detection centroids for each classification.\nFor example, this may be used to identify the closest cell of a specified type.	PENDING				0.7.0		
Menu.View	View	View	PENDING				0.7.0		
Menu.View.Multiview	Multi-view	Multi-view	PENDING				0.7.0		
Menu.View.Zoom	Zoom	Zoom	PENDING				0.7.0		
Menu.View.CellDisplay	Cell display	Cell display	PENDING				0.7.0		
Menu.View.Multitouch	Multi-touch gestures	Multi-touch gestures	PENDING				0.7.0		
Action.View.commandList	Show command list	Show command list	PENDING				0.7.0		
Action.View.commandList.description	Show the command list (much easier than navigating menus...)	Show the command list (much easier than navigating menus...)	PENDING				0.7.0		
Action.View.recentCommands	Show recent commands	Show recent commands	PENDING				0.7.0		
Action.View.recentCommands.description	Show a list containing recently-used commands	Show a list containing recently-used commands	PENDING				0.7.0		
Action.View.Multiview.gridMenu	Set grid size	Set grid size	PENDING				0.7.0		
Action.View.Multiview.addRow	Add row	Add row	PENDING				0.7.0		
Action.View.Multiview.addRow.description	Add a new row of viewers to the multi-view grid.\nThis makes it possible to view two or more images side-by-side (vertically).	Add a new row of viewers to the multi-view grid.\nThis makes it possible to view two or more images side-by-side (vertically).	PENDING				0.7.0		
Action.View.Multiview.addColumn	Add column	Add column	PENDING				0.7.0		
Action.View.Multiview.addColumn.description	Add a new column of viewers to the multi-view grid.\nThis makes it possible to view two or more images side-by-side (horizontally).	Add a new column of viewers to the multi-view grid.\nThis makes it possible to view two or more images side-by-side (horizontally).	PENDING				0.7.0		
Action.View.Multiview.removeRow	Remove row	Remove row	PENDING				0.7.0		
Action.View.Multiview.removeRow.description	Remove the row containing the current viewer from the multi-view grid, if possible.\nThe last row cannot be removed.	Remove the row containing the current viewer from the multi-view grid, if possible.\nThe last row cannot be removed.	PENDING				0.7.0		
Action.View.Multiview.removeColumn	Remove column	Remove column	PENDING				0.7.0		
Action.View.Multiview.removeColumn.description	Remove the column containing the current viewer from the multi-view grid, if possible.\nThe last column cannot be removed.	Remove the column containing the current viewer from the multi-view grid, if possible.\nThe last column cannot be removed.	PENDING				0.7.0		
Action.View.Multiview.resetGridSize	Reset viewer sizes	Reset viewer sizes	PENDING				0.7.0		
Action.View.Multiview.resetGridSize.description	Reset the multi-view grid so that all viewers have the same size	Reset the multi-view grid so that all viewers have the same size	PENDING				0.7.0		
Action.View.Multiview.closeViewer	Close viewer	Close viewer	PENDING				0.7.0		
Action.View.Multiview.closeViewer.description	Close the image in the current viewer.\nThis is needed before it's possible to remove a viewer from the multi-view grid.	Close the image in the current viewer.\nThis is needed before it's possible to remove a viewer from the multi-view grid.	PENDING				0.7.0		
Action.View.channelViewer	Show channel viewer	Show channel viewer	PENDING				0.7.0		
Action.View.channelViewer.description	Open a viewer window that shows individual channels of an image size by side.\nThis is useful when working with multiplexed/multichannel fluorescence images.\nRight-click on the viewer to adjust settings.	Open a viewer window that shows individual channels of an image size by side.\nThis is useful when working with multiplexed/multichannel fluorescence images.\nRight-click on the viewer to adjust settings.	PENDING				0.7.0		
Action.View.miniViewer	Show mini viewer	Show mini viewer	PENDING				0.7.0		
Action.View.miniViewer.description	Open a viewer window that shows a view of the pixel under the cursor.\nThis is useful for viewing the image booth zoomed in and zoomed out at the same time.	Open a viewer window that shows a view of the pixel under the cursor.\nThis is useful for viewing the image booth zoomed in and zoomed out at the same time.	PENDING				0.7.0		
Action.View.rotate	Rotate image...	Rotate image...	PENDING				0.7.0		
Action.View.rotate.description	Rotate the image visually (this is only for display - the coordinate system remains unchanged)	Rotate the image visually (this is only for display - the coordinate system remains unchanged)	PENDING				0.7.0		
Action.View.viewTracker	Show view tracker	Show view tracker	PENDING				0.7.0		
Action.View.viewTracker.description	Record zoom and panning movements within a viewer for later playback and analysis	Record zoom and panning movements within a viewer for later playback and analysis	PENDING				0.7.0		
Action.View.slideLabel	Show slide label	Show slide label	PENDING				0.7.0		
Action.View.slideLabel.description	Show the slide label associated with the image in the active viewer (if available)	Show the slide label associated with the image in the active viewer (if available)	PENDING				0.7.0		
Action.View.inputDisplay	Show input display	Show input display	PENDING				0.7.0		
Action.View.inputDisplay.description	Show mouse clicks and keypresses on screen.\nThis is particularly useful for demos and tutorials.	Show mouse clicks and keypresses on screen.\nThis is particularly useful for demos and tutorials.	PENDING				0.7.0		
Action.View.memoryMonitor	Show memory monitor	Show memory monitor	PENDING				0.7.0		
Action.View.memoryMonitor.description	Show a dialog to track memory usage within QuPath, and clear the cache if required	Show a dialog to track memory usage within QuPath, and clear the cache if required	PENDING				0.7.0		
Action.View.Zoom.400	400%	400%	PENDING				0.7.0		
Action.View.Zoom.400.description	Set the zoom factor to 400% (downsample = 0.25)	Set the zoom factor to 400% (downsample = 0.25)	PENDING				0.7.0		
Action.View.Zoom.100	100%	100%	PENDING				0.7.0		
Action.View.Zoom.100.description	Set the zoom factor to 400% (downsample = 1)	Set the zoom factor to 400% (downsample = 1)	PENDING				0.7.0		
Action.View.Zoom.10	10%	10%	PENDING				0.7.0		
Action.View.Zoom.10.description	Set the zoom factor to 400% (downsample = 10)	Set the zoom factor to 400% (downsample = 10)	PENDING				0.7.0		
Action.View.Zoom.1	1%	1%	PENDING				0.7.0		
Action.View.Zoom.1.description	Set the zoom factor to 400% (downsample = 100)	Set the zoom factor to 400% (downsample = 100)	PENDING				0.7.0		
Action.View.Zoom.zoomIn	Zoom in	Zoom in	PENDING				0.7.0		
Action.View.Zoom.zoomIn.description	Zoom in for the current viewer	Zoom in for the current viewer	PENDING				0.7.0		
Action.View.Zoom.zoomOut	Zoom out	Zoom out	PENDING				0.7.0		
Action.View.Zoom.zoomOut.description	Zoom out for the current viewer	Zoom out for the current viewer	PENDING				0.7.0		
Action.View.Zoom.zoomToFit	Zoom to fit	Zoom to fit	PENDING				0.7.0		
Action.View.Zoom.zoomToFit.description	Set the current viewer's zoom to fit the image	Set the current viewer's zoom to fit the image	PENDING				0.7.0		
Action.View.Multitouch.allOn	Turn on all gestures	Turn on all gestures	PENDING				0.7.0		
Action.View.Multitouch.allOn.description	Turn on all multi-touch gestures for touchscreens and trackpads	Turn on all multi-touch gestures for touchscreens and trackpads	PENDING				0.7.0		
Action.View.Multitouch.allOff	Turn off all gestures	Turn off all gestures	PENDING				0.7.0		
Action.View.Multitouch.allOff.description	Turn off all multi-touch gestures for touchscreens and trackpads	Turn off all multi-touch gestures for touchscreens and trackpads	PENDING				0.7.0		
Action.View.Multitouch.scroll	Use scroll gestures	Use scroll gestures	PENDING				0.7.0		
Action.View.Multitouch.scroll.description	Toggle scroll gestures for touchscreens and trackpads	Toggle scroll gestures for touchscreens and trackpads	PENDING				0.7.0		
Action.View.Multitouch.zoom	Use zoom gestures	Use zoom gestures	PENDING				0.7.0		
Action.View.Multitouch.zoom.description	Toggle zoom gestures for touchscreens and trackpads	Toggle zoom gestures for touchscreens and trackpads	PENDING				0.7.0		
Action.View.Multitouch.rotate	Use rotate gestures	Use rotate gestures	PENDING				0.7.0		
Action.View.Multitouch.rotate.description	Toggle rotate gestures for touchscreens and trackpads	Toggle rotate gestures for touchscreens and trackpads	PENDING				0.7.0		
Menu.Objects	Objects	Objects	PENDING				0.7.0		
Menu.Objects.Delete	Delete	Delete	PENDING				0.7.0		
Menu.Objects.Select	Select	Select	PENDING				0.7.0		
Menu.Objects.Select.Detections	Select detections	Select detections	PENDING				0.7.0		
Menu.Objects.Lock	Lock	Lock	PENDING				0.7.0		
Menu.Objects.Annotations	Annotations	Annotations	PENDING				0.7.0		
Action.Objects.Delete.selected	Delete selected objects...	Delete selected objects...	PENDING				0.7.0		
Action.Objects.Delete.selected.description	Delete the currently selected objects	Delete the currently selected objects	PENDING				0.7.0		
Action.Objects.Delete.all	Delete all objects	Delete all objects	PENDING				0.7.0		
Action.Objects.Delete.all.description	Delete all objects for the current image	Delete all objects for the current image	PENDING				0.7.0		
Action.Objects.Delete.annotations	Delete all annotations	Delete all annotations	PENDING				0.7.0		
Action.Objects.Delete.annotations.description	Delete all annotation objects for the current image	Delete all annotation objects for the current image	PENDING				0.7.0		
Action.Objects.Delete.detections	Delete all detections	Delete all detections	PENDING				0.7.0		
Action.Objects.Delete.detections.description	Delete all detection objects for the current image	Delete all detection objects for the current image	PENDING				0.7.0		
Action.Objects.Delete.imageBoundary	Delete objects on image bounds	Delete objects on image bounds	PENDING				0.7.0		
Action.Objects.Delete.imageBoundary.description	Delete all objects touching or crossing the image boundary	Delete all objects touching or crossing the image boundary	PENDING				0.7.0		
Action.Objects.Delete.selectedBoundary	Delete objects touching selected ROI bounds...	Delete objects touching selected ROI bounds...	PENDING				0.7.0		
Action.Objects.Delete.selectedBoundary.description	Delete all objects touching or crossing the boundary of the selected objects	Delete all objects touching or crossing the boundary of the selected objects	PENDING				0.7.0		
Action.Objects.Select.reset	Reset selection	Reset selection	PENDING				0.7.0		
Action.Objects.Select.reset.description	Reset the selected objects for the current image	Reset the selected objects for the current image	PENDING				0.7.0		
Action.Objects.Select.tmaCores	Select TMA cores	Select TMA cores	PENDING				0.7.0		
Action.Objects.Select.tmaCores.description	Select all TMA cores for the current image	Select all TMA cores for the current image	PENDING				0.7.0		
Action.Objects.Select.annotations	Select annotations	Select annotations	PENDING				0.7.0		
Action.Objects.Select.annotations.description	Select all annotation objects for the current image	Select all annotation objects for the current image	PENDING				0.7.0		
Action.Objects.Select.detections	Select all detections	Select all detections	PENDING				0.7.0		
Action.Objects.Select.detections.description	Select all detection objects for the current image (this includes cells and tiles)	Select all detection objects for the current image (this includes cells and tiles)	PENDING				0.7.0		
Action.Objects.Select.cells	Select cells	Select cells	PENDING				0.7.0		
Action.Objects.Select.cells.description	Select all cell objects for the current image	Select all cell objects for the current image	PENDING				0.7.0		
Action.Objects.Select.tiles	Select tiles	Select tiles	PENDING				0.7.0		
Action.Objects.Select.tiles.description	Select all tile objects for the current image	Select all tile objects for the current image	PENDING				0.7.0		
Action.Objects.Select.selectByClassification	Select objects by classification...	Select objects by classification...	PENDING				0.7.0		
Action.Objects.Select.selectByClassification.description	Select objects based upon their classification	Select objects based upon their classification	PENDING				0.7.0		
Action.Objects.Select.selectOnCurrentPlane	Select objects on current plane	Select objects on current plane	PENDING				0.7.0		
Action.Objects.Select.selectOnCurrentPlane.description	Select all objects on the current plane visible in the viewer	Select all objects on the current plane visible in the viewer	PENDING				0.7.0		
Action.Objects.Lock.lockSelected	Lock selected objects	Lock selected objects	PENDING				0.7.0		
Action.Objects.Lock.lockSelected.description	Lock all currently selected objects	Lock all currently selected objects	PENDING				0.7.0		
Action.Objects.Lock.unlockSelected	Unlock selected objects	Unlock selected objects	PENDING				0.7.0		
Action.Objects.Lock.unlockSelected.description	Unlock all currently selected objects	Unlock all currently selected objects	PENDING				0.7.0		
Action.Objects.Lock.toggleSelected	Toggle selected objects lock	Toggle selected objects lock	PENDING				0.7.0		
Action.Objects.Lock.toggleSelected.description	Toggle the 'locked' state of all currently selected objects	Toggle the 'locked' state of all currently selected objects	PENDING				0.7.0		
Action.Objects.Annotation.specify	Specify annotation...	Specify annotation...	PENDING				0.7.0		
Action.Objects.Annotation.specify.description	Create a rectangle or ellipse annotation with the specified properties	Create a rectangle or ellipse annotation with the specified properties	PENDING				0.7.0		
Action.Objects.Annotation.fullImage	Create full image annotation	Create full image annotation	PENDING				0.7.0		
Action.Objects.Annotation.fullImage.description	Create an annotation representing the full width and height of the current image	Create an annotation representing the full width and height of the current image	PENDING				0.7.0		
Action.Objects.Annotation.hierarchyInsert	Insert into hierarchy	Insert into hierarchy	PENDING				0.7.0		
Action.Objects.Annotation.hierarchyInsert.description	Insert the selected objects in the object hierarchy.\nThis involves resolving parent/child relationships based upon regions of interest.	Insert the selected objects in the object hierarchy.\nThis involves resolving parent/child relationships based upon regions of interest.	PENDING				0.7.0		
Action.Objects.Annotation.hierarchyResolve	Resolve hierarchy	Resolve hierarchy	PENDING				0.7.0		
Action.Objects.Annotation.hierarchyResolve.description	Resolve the object hierarchy by setting parent/child relationships between objects based upon regions of interest.	Resolve the object hierarchy by setting parent/child relationships between objects based upon regions of interest.	PENDING				0.7.0		
Action.Objects.Annotation.transform	Transform annotations...	Transform annotations...	PENDING				0.7.0		
Action.Objects.Annotation.transform.description	Interactively translate and/or rotate the current selected annotation.	Interactively translate and/or rotate the current selected annotation.	PENDING				0.7.0		
Action.Objects.Annotation.duplicate	Duplicate selected annotations	Duplicate selected annotations	PENDING				0.7.0		
Action.Objects.Annotation.duplicate.description	Duplicate the selected annotations	Duplicate the selected annotations	PENDING				0.7.0		
Action.Objects.Annotation.copyToCurrentPlane	Copy annotations to current plane	Copy annotations to current plane	PENDING				0.7.0		
Action.Objects.Annotation.copyToCurrentPlane.description	Duplicate the selected objects and paste them on the current plane (i.e. the z-slice and timepoint visible in the viewer).\nThis avoids using the system clipboard. It is intended to help transfer annotations quickly across multidimensional images.	Duplicate the selected objects and paste them on the current plane (i.e. the z-slice and timepoint visible in the viewer).\nThis avoids using the system clipboard. It is intended to help transfer annotations quickly across multidimensional images.	PENDING				0.7.0		
Action.Objects.Annotation.transferLast	Transfer last annotation	Transfer last annotation	PENDING				0.7.0		
Action.Objects.Annotation.transferLast.description	Transfer the last annotation to the current image.\nThis can be used to bring annotations from one viewer to another, or to recover an annotation that has just been deleted.	Transfer the last annotation to the current image.\nThis can be used to bring annotations from one viewer to another, or to recover an annotation that has just been deleted.	PENDING				0.7.0		
Action.Objects.Annotation.expand	Expand annotations...	Expand annotations...	PENDING				0.7.0		
Action.Objects.Annotation.expand.description	Expand (or contract) the selected annotations, optionally removing the interior.	Expand (or contract) the selected annotations, optionally removing the interior.	PENDING				0.7.0		
Action.Objects.Annotation.split	Split annotations	Split annotations	PENDING				0.7.0		
Action.Objects.Annotation.split.description	Split complex annotations that contain disconnected pieces into separate annotations	Split complex annotations that contain disconnected pieces into separate annotations	PENDING				0.7.0		
Action.Objects.Annotation.splitByLines	Split annotations by lines...	Split annotations by lines...	PENDING				0.7.0		
Action.Objects.Annotation.splitByLines.description	Split area annotations along lines defined by line annotations	Split area annotations along lines defined by line annotations	PENDING				0.7.0		
Action.Objects.Annotation.removeFragmentsFillHoles	Remove fragments & holes...	Remove fragments & holes...	PENDING				0.7.0		
Action.Objects.Annotation.removeFragmentsFillHoles.description	Remove small fragments of annotations that contain disconnected pieces	Remove small fragments of annotations that contain disconnected pieces	PENDING				0.7.0		
Action.Objects.Annotation.fillHoles	Fill holes	Fill holes	PENDING				0.7.0		
Action.Objects.Annotation.fillHoles.description	Fill holes occurring inside annotations	Fill holes occurring inside annotations	PENDING				0.7.0		
Action.Objects.Annotation.makeInverse	Make inverse	Make inverse	PENDING				0.7.0		
Action.Objects.Annotation.makeInverse.description	Make annotations corresponding to the 'inverse' of the selected annotation.\nThe inverse annotation contains 'everything else' outside the current annotation, constrained by its parent.	Make annotations corresponding to the 'inverse' of the selected annotation.\nThe inverse annotation contains 'everything else' outside the current annotation, constrained by its parent.	PENDING				0.7.0		
Action.Objects.Annotation.mergeSelected	Merge selected	Merge selected	PENDING				0.7.0		
Action.Objects.Annotation.mergeSelected.description	Merge the selected annotations to become one, single annotation.	Merge the selected annotations to become one, single annotation.	PENDING				0.7.0		
Action.Objects.Annotation.simplify	Simplify shape...	Simplify shape...	PENDING				0.7.0		
Action.Objects.Annotation.simplify.description	Simplify the shapes of the current selected annotations.\nThis removes vertices that are considered unnecessary, using a specified amplitude tolerance.	Simplify the shapes of the current selected annotations.\nThis removes vertices that are considered unnecessary, using a specified amplitude tolerance.	PENDING				0.7.0		
Action.Objects.refreshIds	Refresh object IDs	Refresh object IDs	PENDING				0.7.0		
Action.Objects.refreshIds.description	Update all object IDs to ensure they are unique	Update all object IDs to ensure they are unique	PENDING				0.7.0		
Action.Objects.refreshDuplicateIds	Refresh duplicate object IDs	Refresh duplicate object IDs	PENDING				0.7.0		
Action.Objects.refreshDuplicateIds.description	Update all duplicate object IDs to ensure they are unique	Update all duplicate object IDs to ensure they are unique	PENDING				0.7.0		
Menu.Window	Window	Window	PENDING				0.7.0		
Action.Window.centerWindows	Center all windows	Center all windows	PENDING				0.7.0		
Action.Window.centerWindows.description	Move all windows to be in the center of the screen	Move all windows to be in the center of the screen	PENDING				0.7.0		
Action.Window.centerOffscreen	Center off-screen windows	Center off-screen windows	PENDING				0.7.0		
Action.Window.centerOffscreen.description	Move all windows that are partially or completely off-screen to be centered	Move all windows that are partially or completely off-screen to be centered	PENDING				0.7.0		
Action.Window.systemMenubar	Use system menubar	Use system menubar	PENDING				0.7.0		
Action.Window.systemMenubar.description	Use the system menubar where possible.\nThe alternative is to add a menubar separately to each window.	Use the system menubar where possible.\nThe alternative is to add a menubar separately to each window.	PENDING				0.7.0		
Action.Window.imageName	Show image name	Show image name	PENDING				0.7.0		
Action.Window.imageName.description	Show the name of the current image in the main window title bar.	Show the name of the current image in the main window title bar.	PENDING				0.7.0		
Menu.TMA	TMA	TMA	PENDING				0.7.0		
Menu.TMA.add	Add...	Add...	PENDING				0.7.0		
Menu.TMA.remove	Remove...	Remove...	PENDING				0.7.0		
Action.TMA.specifyGrid	Specify TMA grid...	Specify TMA grid...	PENDING				0.7.0		
Action.TMA.specifyGrid.description	Create a manual TMA grid, by defining labels and the core diameter.\nThis can optionally be restricted to a rectangular annotation.	Create a manual TMA grid, by defining labels and the core diameter.\nThis can optionally be restricted to a rectangular annotation.	PENDING				0.7.0		
Action.TMA.addRowAbove	Add TMA row above selected	Add TMA row above selected	PENDING				0.7.0		
Action.TMA.addRowAbove.description	Add a row to the TMA grid before (above) the row containing the current selected object	Add a row to the TMA grid before (above) the row containing the current selected object	PENDING				0.7.0		
Action.TMA.addRowBelow	Add TMA row below selected	Add TMA row below selected	PENDING				0.7.0		
Action.TMA.addRowBelow.description	Add a row to the TMA grid after (below) the row containing the current selected object	Add a row to the TMA grid after (below) the row containing the current selected object	PENDING				0.7.0		
Action.TMA.addColumnBefore	Add TMA column before selected	Add TMA column before selected	PENDING				0.7.0		
Action.TMA.addColumnBefore.description	Add a column to the TMA grid before (to the left of) the column containing the current selected object	Add a column to the TMA grid before (to the left of) the column containing the current selected object	PENDING				0.7.0		
Action.TMA.addColumnAfter	Add TMA column after selected	Add TMA column after selected	PENDING				0.7.0		
Action.TMA.addColumnAfter.description	Add a column to the TMA grid after (to the right of) the column containing the current selected object	Add a column to the TMA grid after (to the right of) the column containing the current selected object	PENDING				0.7.0		
Action.TMA.removeRow	Remove TMA row	Remove TMA row	PENDING				0.7.0		
Action.TMA.removeRow.description	Remove the row containing the current selected object from the TMA grid	Remove the row containing the current selected object from the TMA grid	PENDING				0.7.0		
Action.TMA.removeColumn	Remove TMA column	Remove TMA column	PENDING				0.7.0		
Action.TMA.removeColumn.description	Remove the column containing the current selected object from the TMA grid	Remove the column containing the current selected object from the TMA grid	PENDING				0.7.0		
Action.TMA.relabel	Relabel TMA grid...	Relabel TMA grid...	PENDING				0.7.0		
Action.TMA.relabel.description	Relabel the cores of a TMA grid. This is often needed after adding or deleting rows or columns.	Relabel the cores of a TMA grid. This is often needed after adding or deleting rows or columns.	PENDING				0.7.0		
Action.TMA.resetMetadata	Reset TMA metadata	Reset TMA metadata	PENDING				0.7.0		
Action.TMA.resetMetadata.description	Remove all the metadata for the TMA grid in the current image	Remove all the metadata for the TMA grid in the current image	PENDING				0.7.0		
Action.TMA.deleteGrid	Delete TMA grid	Delete TMA grid	PENDING				0.7.0		
Action.TMA.deleteGrid.description	Delete the entire TMA grid for the current image	Delete the entire TMA grid for the current image	PENDING				0.7.0		
Action.TMA.findHull	Find convex hull detections (TMA)	Find convex hull detections (TMA)	PENDING				0.7.0		
Action.TMA.findHull.description	Find all detections occurring on the convex hull of the detections within a TMA core.\nThis can be used to find cells occurring towards the edge of the core, which can then be deleted if necessary.\nOften these cells may yield less reliable measurements because of artifacts.	Find all detections occurring on the convex hull of the detections within a TMA core.\nThis can be used to find cells occurring towards the edge of the core, which can then be deleted if necessary.\nOften these cells may yield less reliable measurements because of artifacts.	PENDING				0.7.0		
Menu.Automate	Automate	Automate	PENDING				0.7.0		
Action.Automate.scriptEditor	Script editor	Script editor	PENDING				0.7.0		
Action.Automate.scriptEditor.description	Open the script editor	Open the script editor	PENDING				0.7.0		
Action.Automate.scriptInterpreter	Script interpreter	Script interpreter	PENDING				0.7.0		
Action.Automate.scriptInterpreter.description	Open a script interpreter to run scripts interactively, line by line.\n(In general, the Script Editor is more useful).	Open a script interpreter to run scripts interactively, line by line.\n(In general, the Script Editor is more useful).	PENDING				0.7.0		
Action.Automate.commandWorkflow	Show workflow command history	Show workflow command history	PENDING				0.7.0		
Action.Automate.commandWorkflow.description	Show a history of the commands applied to the current image.\nNote that this is not fully exhaustive, because not all commands can be recorded.\nHowever, the command history is useful to help automatically generate batch-processing scripts.	Show a history of the commands applied to the current image.\nNote that this is not fully exhaustive, because not all commands can be recorded.\nHowever, the command history is useful to help automatically generate batch-processing scripts.	PENDING				0.7.0		
Action.Automate.commandScript	Create command history script	Create command history script	PENDING				0.7.0		
Action.Automate.commandScript.description	Create a script based upon the actions recorded in the command history	Create a script based upon the actions recorded in the command history	PENDING				0.7.0		
Menu.Measure	Measure	Measure	PENDING				0.7.0		
Menu.Measure.GridViews	Grid views	Grid views	PENDING				0.7.0		
Action.Measure.maps	Show measurement maps	Show measurement maps	PENDING				0.7.0		
Action.Measure.maps.description	View detection measurements in context using interactive, color-coded maps	View detection measurements in context using interactive, color-coded maps	PENDING				0.7.0		
Action.Measure.manager	Show measurement manager	Show measurement manager	PENDING				0.7.0		
Action.Measure.manager.description	View and optionally delete detection measurements	View and optionally delete detection measurements	PENDING				0.7.0		
Action.Measure.export	Export measurements...	Export measurements...	PENDING				0.7.0		
Action.Measure.export.description	Export summary measurements for multiple images within a project	Export summary measurements for multiple images within a project	PENDING				0.7.0		
Menu.Extensions	Extensions	Extensions	PENDING				0.7.0		
Action.Extensions.installed	Manage extensions	Manage extensions	PENDING				0.7.0		
Action.Extensions.installed.description	Manage the list of installed QuPath extensions	Manage the list of installed QuPath extensions	PENDING				0.7.0		
Menu.Help	Help	Help	PENDING				0.7.0		
Action.Help.welcome	Show welcome message	Show welcome message	PENDING				0.7.0		
Action.Help.welcome.description	Show the welcome message that appears when QuPath is first launched	Show the welcome message that appears when QuPath is first launched	PENDING				0.7.0		
Action.Help.docs	Documentation (web)	Documentation (web)	PENDING				0.7.0		
Action.Help.docs.description	Open the main QuPath documentation in a web browser	Open the main QuPath documentation in a web browser	PENDING				0.7.0		
Action.Help.video	YouTube channel (web)	YouTube channel (web)	PENDING				0.7.0		
Action.Help.video.description	Open the QuPath YouTube channel in a web browser for demo videos & tutorials	Open the QuPath YouTube channel in a web browser for demo videos & tutorials	PENDING				0.7.0		
Action.Help.updates	Check for updates (web)	Check for updates (web)	PENDING				0.7.0		
Action.Help.updates.description	Check online for updates to QuPath & supported extensions	Check online for updates to QuPath & supported extensions	PENDING				0.7.0		
Action.Help.cite	Cite QuPath in a paper (web)	Cite QuPath in a paper (web)	PENDING				0.7.0		
Action.Help.cite.description	Please cite the QuPath publication if you use the software!\nThis command opens a web page to show how.	Please cite the QuPath publication if you use the software!\nThis command opens a web page to show how.	PENDING				0.7.0		
Action.Help.issues	Report a bug (web)	Report a bug (web)	PENDING				0.7.0		
Action.Help.issues.description	Open QuPath's issues page in a web browser to report a bug.\nPlease follow the bug report template - and use the forum instead for general questions.	Open QuPath's issues page in a web browser to report a bug.\nPlease follow the bug report template - and use the forum instead for general questions.	PENDING				0.7.0		
Action.Help.forum	View user forum (web)	View user forum (web)	PENDING				0.7.0		
Action.Help.forum.description	Visit the user forum at image.sc.\nThis is the place to ask questions about QuPath - and to give answers to help other users.	Visit the user forum at image.sc.\nThis is the place to ask questions about QuPath - and to give answers to help other users.	PENDING				0.7.0		
Action.Help.source	View source code (web)	View source code (web)	PENDING				0.7.0		
Action.Help.source.description	View QuPath's source code on GitHub	View QuPath's source code on GitHub	PENDING				0.7.0		
Action.Help.license	License	License	PENDING				0.7.0		
Action.Help.license.description	View license information for QuPath and its third-party dependencies	View license information for QuPath and its third-party dependencies	PENDING				0.7.0		
Action.Help.systemInfo	System info	System info	PENDING				0.7.0		
Action.Help.systemInfo.description	View technical information about this QuPath installation	View technical information about this QuPath installation	PENDING				0.7.0		
Menu.deprecated	Deprecated	Deprecated	PENDING				0.7.0		
Extension.ImageJ	ImageJ extension	ImageJ extension	PENDING				0.7.0		
Extension.ImageJ.description	QuPath commands that enable integration with ImageJ - https://imagej.nih.gov/ij/	QuPath commands that enable integration with ImageJ - https://imagej.nih.gov/ij/	PENDING				0.7.0		
Action.ImageJ.superpixelsSLIC	SLIC superpixel segmentation...	SLIC superpixel segmentation...	PENDING				0.7.0		
Action.ImageJ.superpixelsSLIC.description	Create superpixel tiles using the SLIC method	Create superpixel tiles using the SLIC method	PENDING				0.7.0		
Action.ImageJ.superpixelsDoG	DoG superpixel segmentation...	DoG superpixel segmentation...	PENDING				0.7.0		
Action.ImageJ.superpixelsDoG.description	Create superpixel tiles using a Difference of Gaussians method	Create superpixel tiles using a Difference of Gaussians method	PENDING				0.7.0		
Action.ImageJ.tilesToAnnotations	Tile classifications to annotations...	Tile classifications to annotations...	PENDING				0.7.0		
Action.ImageJ.tilesToAnnotations.description	Merge tiles sharing the same classification to become annotations	Merge tiles sharing the same classification to become annotations	PENDING				0.7.0		
Action.ImageJ.pixelCount	Positive pixel count...	Positive pixel count...	PENDING				0.7.0		
Action.ImageJ.pixelCount.description	Area-based quantification of positive pixels with DAB staining.\nThis command does not handle large regions well; if possible, pixel classification should usually be used instead.	Area-based quantification of positive pixels with DAB staining.\nThis command does not handle large regions well; if possible, pixel classification should usually be used instead.	PENDING				0.7.0		
Action.ImageJ.simpleTissueDetection	Simple tissue detection...	Simple tissue detection...	PENDING				0.7.0		
Action.ImageJ.simpleTissueDetection.description	Detect large regions using a simple thresholding method.\nThis command is not very flexible and lacks any preview of the results; if possible, pixel classification should usually be used instead.	Detect large regions using a simple thresholding method.\nThis command is not very flexible and lacks any preview of the results; if possible, pixel classification should usually be used instead.	PENDING				0.7.0		
Action.ImageJ.tmaDearrayer	TMA dearrayer...	TMA dearrayer...	PENDING				0.7.0		
Action.ImageJ.tmaDearrayer.description	Identify cores and grid arrangement of a tissue microarray	Identify cores and grid arrangement of a tissue microarray	PENDING				0.7.0		
Action.ImageJ.cellDetection	Cell detection...	Cell detection...	PENDING				0.7.0		
Action.ImageJ.cellDetection.description	Default cell detection in QuPath.\nNote that this is general-purpose method, not optimized for any particular staining.\n\nIt is essential to set the image type first (e.g. brightfield or fluorescence) before running this command.	Default cell detection in QuPath.\nNote that this is general-purpose method, not optimized for any particular staining.\n\nIt is essential to set the image type first (e.g. brightfield or fluorescence) before running this command.	PENDING				0.7.0		
Action.ImageJ.positiveCellDetection	Positive cell detection...	Positive cell detection...	PENDING				0.7.0		
Action.ImageJ.positiveCellDetection.description	Equivalent to 'Cell detection', with additional parameters to set a threshold during detection to identify single-positive cells.	Equivalent to 'Cell detection', with additional parameters to set a threshold during detection to identify single-positive cells.	PENDING				0.7.0		
Action.ImageJ.cellAndMembraneDetection	Cell + membrane detection...	Cell + membrane detection...	PENDING				0.7.0		
Action.ImageJ.cellAndMembraneDetection.description	Cell detection that uses membrane information to constrain cell boundary expansion.\n\nThis was designed specifically for hematoxylin and DAB staining, and works only where membrane staining is either very clear or absent. It is not recommended in general.	Cell detection that uses membrane information to constrain cell boundary expansion.\n\nThis was designed specifically for hematoxylin and DAB staining, and works only where membrane staining is either very clear or absent. It is not recommended in general.	PENDING				0.7.0		
Action.ImageJ.subcellularDetection	Subcellular detection (experimental)...	Subcellular detection (experimental)...	PENDING				0.7.0		
Action.ImageJ.subcellularDetection.description	Identify subcellular structures (e.g. spots of all kinds) within detected cells.	Identify subcellular structures (e.g. spots of all kinds) within detected cells.	PENDING				0.7.0		
Action.ImageJ.scriptRunner	ImageJ script runner	ImageJ script runner	PENDING				0.7.0		
Action.ImageJ.scriptRunner.description	Run ImageJ scripts and macros within QuPath.\nThis extracts image regions corresponding to QuPath objects, then passes them to ImageJ for processing.	Run ImageJ scripts and macros within QuPath.\nThis extracts image regions corresponding to QuPath objects, then passes them to ImageJ for processing.	PENDING				0.7.0		
Action.ImageJ.legacyMacroRunner	Legacy ImageJ macro runner	Legacy ImageJ macro runner	PENDING				0.7.0		
Action.ImageJ.legacyMacroRunner.description	Previous command for running ImageJ macros within QuPath.\nThis has been replaced for QuPath v0.6.0.	Previous command for running ImageJ macros within QuPath.\nThis has been replaced for QuPath v0.6.0.	PENDING				0.7.0		
Action.ImageJ.setImageJDirectory	Set local ImageJ directory...	Set local ImageJ directory...	PENDING				0.7.0		
Action.ImageJ.setImageJDirectory.description	Set the directory to use with QuPath's embedded version of ImageJ.\n\nWhen this is set, plugins from an existing ImageJ installation are made available to QuPath's embedded version of ImageJ (as long as they have no incompatible dependencies).	Set the directory to use with QuPath's embedded version of ImageJ.\n\nWhen this is set, plugins from an existing ImageJ installation are made available to QuPath's embedded version of ImageJ (as long as they have no incompatible dependencies).	PENDING				0.7.0		
Action.ImageJ.showImageJ	Show ImageJ	Show ImageJ	PENDING				0.7.0		
Action.ImageJ.showImageJ.description	Show the main ImageJ window	Show the main ImageJ window	PENDING				0.7.0		
Action.ImageJ.extractRegion	Send region to ImageJ...	Send region to ImageJ...	PENDING				0.7.0		
Action.ImageJ.extractRegion.description	Extract the selected image region and send it to ImageJ	Extract the selected image region and send it to ImageJ	PENDING				0.7.0		
Action.ImageJ.extractRegionSnapshot	Send snapshot to ImageJ	Send snapshot to ImageJ	PENDING				0.7.0		
Action.ImageJ.extractRegionSnapshot.description	Create a rendered (RGB) snapshot and send it to ImageJ	Create a rendered (RGB) snapshot and send it to ImageJ	PENDING				0.7.0		
Action.ImageJ.importRois	Import ImageJ ROIs...	Import ImageJ ROIs...	PENDING				0.7.0		
Action.ImageJ.importRois.description	Import ImageJ ROIs from .roi or .zip files, converting them QuPath objects	Import ImageJ ROIs from .roi or .zip files, converting them QuPath objects	PENDING				0.7.0		
Extension.SVG	SVG export extension	SVG export extension	PENDING				0.7.0		
Extension.SVG.description	Export snapshots and images in SVG format	Export snapshots and images in SVG format	PENDING				0.7.0		
Action.SVG.exportImage	Rendered SVG...	Rendered SVG...	PENDING				0.7.0		
Action.SVG.exportImage.description	Export the current selected region as a rendered (RGB) SVG image.\nAny annotations and ROIs will be stored as vectors, which can later be adjusted in other software.	Export the current selected region as a rendered (RGB) SVG image.\nAny annotations and ROIs will be stored as vectors, which can later be adjusted in other software.	PENDING				0.7.0		
Action.SVG.exportSnapshot	Current viewer content (SVG)...	Current viewer content (SVG)...	PENDING				0.7.0		
Action.SVG.exportSnapshot.description	Export an RGB snapshot of the current viewer content as an SVG image.\nAny annotations and ROIs will be stored as vectors, which can later be adjusted in other software.	Export an RGB snapshot of the current viewer content as an SVG image.\nAny annotations and ROIs will be stored as vectors, which can later be adjusted in other software.	PENDING				0.7.0		
Extension.BioFormats	Bio-Formats extension	Bio-Formats extension	PENDING				0.7.0		
Extension.BioFormats.description	Installs support to read and write images using Bio-Formats reading and writing options using Bio-Formats (https://www.openmicroscopy.org/bio-formats/)	Installs support to read and write images using Bio-Formats reading and writing options using Bio-Formats (https://www.openmicroscopy.org/bio-formats/)	PENDING				0.7.0		
Extension.BioFormats.missing.description	Cannot find the Bio-Formats library required by this extension!	Cannot find the Bio-Formats library required by this extension!	PENDING				0.7.0		
Action.BioFormats.exportOmeTif	OME-TIFF...	OME-TIFF...	PENDING				0.7.0		
Action.BioFormats.exportOmeTif.description	Write regions as OME-TIFF images. This supports writing image pyramids.	Write regions as OME-TIFF images. This supports writing image pyramids.	PENDING				0.7.0		
Action.BioFormats.omeZarr	OME-Zarr...	OME-Zarr...	PENDING				0.7.0		
Action.BioFormats.omeZarrWriter	OME-Zarr writer	OME-Zarr writer	PENDING				0.7.0		
Action.BioFormats.stopCurrentExport	Do you want to stop the current export?	Do you want to stop the current export?	PENDING				0.7.0		
Action.BioFormats.exportOMEZarr	Export OME-Zarr	Export OME-Zarr	PENDING				0.7.0		
Action.BioFormats.writeOMEZarr	Write OME-Zarr	Write OME-Zarr	PENDING				0.7.0		
Action.BioFormats.invalidZarrExtension	The extension of the file must be .ome.zarr	The extension of the file must be .ome.zarr	PENDING				0.7.0		
Action.BioFormats.directoryAlreadyExists	The directory must not already exist	The directory must not already exist	PENDING				0.7.0		
Action.BioFormats.exportingTo	Exporting to {0} -\nPlease keep QuPath running until export is complete!	Exporting to {0} -\nPlease keep QuPath running until export is complete!	PENDING				0.7.0		
Action.BioFormats.exportComplete	{0} export complete!	{0} export complete!	PENDING				0.7.0		
Action.BioFormats.pyramidalDownsample	Pyramidal downsample	Pyramidal downsample	PENDING				0.7.0		
Action.BioFormats.pyramidalDownsampleDetail	Amount to downsample each consecutive pyramidal level; use 1 to indicate the image should not be pyramidal	Amount to downsample each consecutive pyramidal level; use 1 to indicate the image should not be pyramidal	PENDING				0.7.0		
Action.BioFormats.tileSize	Tile size	Tile size	PENDING				0.7.0		
Action.BioFormats.tileSizeDetail	Tile width and height for export	Tile width and height for export	PENDING				0.7.0		
Action.BioFormats.allZSlices	All z-slices	All z-slices	PENDING				0.7.0		
Action.BioFormats.allZSlicesDetail	Include all z-slices in the stack. If unchecked, only the current z-slice is considered	Include all z-slices in the stack. If unchecked, only the current z-slice is considered	PENDING				0.7.0		
Action.BioFormats.allTimepoints	All timepoints	All timepoints	PENDING				0.7.0		
Action.BioFormats.allTimepointsDetail	Include all timepoints in the time-series. If unchecked, only the current timepoint is considered	Include all timepoints in the time-series. If unchecked, only the current timepoint is considered	PENDING				0.7.0		
Action.BioFormats.numberOfThreads	Number of threads	Number of threads	PENDING				0.7.0		
Action.BioFormats.numberOfThreadsDetail	Number of threads to use for export	Number of threads to use for export	PENDING				0.7.0		
Extension.Processing	Processing & classification extension	Processing & classification extension	PENDING				0.7.0		
Extension.Processing.description	Core processing & classification commands	Core processing & classification commands	PENDING				0.7.0		
Action.Processing.Spatial.delaunay	Delaunay cluster features 2D...	Delaunay cluster features 2D...	PENDING				0.7.0		
Action.Processing.Spatial.delaunay.description	Apply a Delaunay triangulation to detection objects based on their centroid locations.\nThis helps identify clusters of objects neighboring one another.\n\nNote this command is likely to be replaced in a future version.	Apply a Delaunay triangulation to detection objects based on their centroid locations.\nThis helps identify clusters of objects neighboring one another.\n\nNote this command is likely to be replaced in a future version.	PENDING				0.7.0		
Action.Processing.CellDetection.fastCellCounts	Fast cell counts (brightfield)...	Fast cell counts (brightfield)...	PENDING				0.7.0		
Action.Processing.CellDetection.fastCellCounts.description	Fast cell counting for hematoxylin and DAB images	Fast cell counting for hematoxylin and DAB images	PENDING				0.7.0		
Action.Processing.DensityMaps.create	Create density map...	Create density map...	PENDING				0.7.0		
Action.Processing.DensityMaps.create.description	Create a density map to identify regions containing a high density of detections (e.g. cells), optionally with specified classifications	Create a density map to identify regions containing a high density of detections (e.g. cells), optionally with specified classifications	PENDING				0.7.0		
Action.Processing.DensityMaps.load	Load density map	Load density map	PENDING				0.7.0		
Action.Processing.DensityMaps.load.description	Load a density map previously generated with 'Create density map'	Load a density map previously generated with 'Create density map'	PENDING				0.7.0		
Action.Processing.Classify.loadPixelClassifier	Load pixel classifier...	Load pixel classifier...	PENDING				0.7.0		
Action.Processing.Classify.loadPixelClassifier.description	Load an existing pixel classifier.\nThis can be used to apply the classifier to new images, but not to continue training.	Load an existing pixel classifier.\nThis can be used to apply the classifier to new images, but not to continue training.	PENDING				0.7.0		
Action.Processing.Classify.trainPixelClassifier	Train pixel classifier...	Train pixel classifier...	PENDING				0.7.0		
Action.Processing.Classify.trainPixelClassifier.description	Train a pixel classifier.\nThis can be used to quantify areas, or to generate or classify objects.	Train a pixel classifier.\nThis can be used to quantify areas, or to generate or classify objects.	PENDING				0.7.0		
Action.Processing.Classify.createThresholder	Create thresholder...	Create thresholder...	PENDING				0.7.0		
Action.Processing.Classify.createThresholder.description	Create a simple pixel classifier that applies a fixed threshold to an image	Create a simple pixel classifier that applies a fixed threshold to an image	PENDING				0.7.0		
Action.Processing.Classify.loadObjectClassifier	Load object classifier...	Load object classifier...	PENDING				0.7.0		
Action.Processing.Classify.loadObjectClassifier.description	Load an existing object classifier.\nThis can be used to apply the classifier to new objects, but not to continue training.	Load an existing object classifier.\nThis can be used to apply the classifier to new objects, but not to continue training.	PENDING				0.7.0		
Action.Processing.Classify.trainObjectClassifier	Train object classifier...	Train object classifier...	PENDING				0.7.0		
Action.Processing.Classify.trainObjectClassifier.description	Interactively train an object classifier using machine learning.\nThis is useful whenever objects cannot be classified based on one measurement alone.	Interactively train an object classifier using machine learning.\nThis is useful whenever objects cannot be classified based on one measurement alone.	PENDING				0.7.0		
Action.Processing.Classify.createSingleMeasurementClassifier	Create single measurement classifier...	Create single measurement classifier...	PENDING				0.7.0		
Action.Processing.Classify.createSingleMeasurementClassifier.description	Create a simple object classifier that applies a threshold to a single measurement	Create a simple object classifier that applies a threshold to a single measurement	PENDING				0.7.0		
Action.Processing.Classify.createCompositeClassifier	Create composite classifier...	Create composite classifier...	PENDING				0.7.0		
Action.Processing.Classify.createCompositeClassifier.description	Combine multiple classifiers together to create a single classifier by applying them sequentially	Combine multiple classifiers together to create a single classifier by applying them sequentially	PENDING				0.7.0		
Action.Processing.Classify.setCellIntensityClassifications	Set cell intensity classifications...	Set cell intensity classifications...	PENDING				0.7.0		
Action.Processing.Classify.setCellIntensityClassifications.description	Set cell intensity classifications based upon a single measurement.\nThis is useful to calculate densities/percentages of positive cells or H-scores.	Set cell intensity classifications based upon a single measurement.\nThis is useful to calculate densities/percentages of positive cells or H-scores.	PENDING				0.7.0		
Action.Processing.Classify.createRegionAnnotations	Create region annotations...	Create region annotations...	PENDING				0.7.0		
Action.Processing.Classify.createRegionAnnotations.description	Create annotations of fixed-size regions.\nThis can be used to select representative regions of multiple images to train (usually pixel) classifier, in combination with 'Create training image'.	Create annotations of fixed-size regions.\nThis can be used to select representative regions of multiple images to train (usually pixel) classifier, in combination with 'Create training image'.	PENDING				0.7.0		
Action.Processing.Classify.createTrainingImage	Create training image...	Create training image...	PENDING				0.7.0		
Action.Processing.Classify.createTrainingImage.description	Create an image comprised of regions extracted from multiple images in a project.\nThis can be useful for interactively training a classifier across a varied dataset.	Create an image comprised of regions extracted from multiple images in a project.\nThis can be useful for interactively training a classifier across a varied dataset.	PENDING				0.7.0		
Action.Processing.Classify.createChannelTrainingImages	Create duplicate channel training images...	Create duplicate channel training images...	PENDING				0.7.0		
Action.Processing.Classify.createChannelTrainingImages.description	Duplicate an image in a project so that there is one duplicate for each channel of the image.\n\nThis can be used to train separate classifiers for different channels in multiplexed images, which are then merged to form a composite classifier.	Duplicate an image in a project so that there is one duplicate for each channel of the image.\n\nThis can be used to train separate classifiers for different channels in multiplexed images, which are then merged to form a composite classifier.	PENDING				0.7.0		
Action.Processing.Classify.splitTrainValidationTest	Split project train/validation/test...	Split project train/validation/test...	PENDING				0.7.0		
Action.Processing.Classify.splitTrainValidationTest.description	Split images within a project into training, validation and test sets	Split images within a project into training, validation and test sets	PENDING				0.7.0		
SimpleImageViewer.Action.close	Close	Close	PENDING				0.7.0		
SimpleImageViewer.Action.close.description	Close the image window	Close the image window	PENDING				0.7.0		
SimpleImageViewer.Action.copy	Copy	Copy	PENDING				0.7.0		
SimpleImageViewer.Action.copy.description	Copy the image to the clipboard	Copy the image to the clipboard	PENDING				0.7.0		
SimpleImageViewer.Action.save	Save As	Save As	PENDING				0.7.0		
SimpleImageViewer.Action.save.description	Save the image	Save the image	PENDING				0.7.0		
SimpleImageViewer.Action.saturation	Set saturation	Set saturation	PENDING				0.7.0		
SimpleImageViewer.Action.saturation.description	Set the saturation to improve the contrast for non-8-bit images	Set the saturation to improve the contrast for non-8-bit images	PENDING				0.7.0		
SimpleImageViewer.Action.expandToWindow	Expand to fit window	Expand to fit window	PENDING				0.7.0		
SimpleImageViewer.Action.expandToWindow.description	Allow the image to grow to fit the window. Otherwise, the image will be constrained to be no larger than its preferred size.	Allow the image to grow to fit the window. Otherwise, the image will be constrained to be no larger than its preferred size.	PENDING				0.7.0		
SimpleImageViewer.placeholderText	No image available	No image available	PENDING				0.7.0		
SimpleImageViewer.noImage	No image	No image	PENDING				0.7.0		
SimpleImageViewer.noTitle	Untitled image	Untitled image	PENDING				0.7.0		
Prefs.Appearance	Appearance	Appearance	PENDING				0.7.0		
Prefs.General	General	General	PENDING				0.7.0		
Prefs.Undo	Undo/Redo	Undo/Redo	PENDING				0.7.0		
Prefs.Drawing	Drawing tools	Drawing tools	PENDING				0.7.0		
Prefs.InputOutput	Input/Output	Input/Output	PENDING				0.7.0		
Prefs.Locale	Language & region	Language & region	PENDING				0.7.0		
Prefs.Measurements	Measurement tables	Measurement tables	PENDING				0.7.0		
Prefs.Scripting	Scripting	Scripting	PENDING				0.7.0		
Prefs.Extensions	Extensions	Extensions	PENDING				0.7.0		
Prefs.Objects	Objects	Objects	PENDING				0.7.0		
Prefs.Viewer	Viewer	Viewer	PENDING				0.7.0		
Prefs.BioFormats	Bio-Formats	Bio-Formats	PENDING				0.7.0		
Prefs.Appearance.theme	Theme	Theme	PENDING				0.7.0		
Prefs.Appearance.theme.description	Theme for the QuPath user interface.	Theme for the QuPath user interface.	PENDING				0.7.0		
Prefs.Appearance.badges	Show toolbar badges	Show toolbar badges	PENDING				0.7.0		
Prefs.Appearance.badges.description	Include badges on toolbar buttons, e.g. for warnings or errors.	Include badges on toolbar buttons, e.g. for warnings or errors.	PENDING				0.7.0		
Prefs.Appearance.font	Font	Font	PENDING				0.7.0		
Prefs.Appearance.font.description	Main font for the QuPath user interface.	Main font for the QuPath user interface.	PENDING				0.7.0		
Prefs.Appearance.systemMenubar	Use system menubar	Use system menubar	PENDING				0.7.0		
Prefs.Appearance.systemMenubar.description	Use the system menubar, rather than custom application menubars (default is true).	Use the system menubar, rather than custom application menubars (default is true).	PENDING				0.7.0		
Prefs.General.showStartupMessage	Show welcome message	Show welcome message	PENDING				0.7.0		
Prefs.General.showStartupMessage.description	Show the welcome message with links to the docs, forum & code every time QuPath is launched.\nYou can access this message at any time through the 'Help' menu.	Show the welcome message with links to the docs, forum & code every time QuPath is launched.\nYou can access this message at any time through the 'Help' menu.	PENDING				0.7.0		
Prefs.General.showLicenseMessage	Show license message	Show license message	PENDING				0.7.0		
Prefs.General.showLicenseMessage.description	Show a message about license and use when starting QuPath.	Show a message about license and use when starting QuPath.	PENDING				0.7.0		
Prefs.General.startupScriptPath	Startup script path	Startup script path	PENDING				0.7.0		
Prefs.General.startupScriptPath.description	Optionally select a Groovy script file to run immediately after QuPath is launched.	Optionally select a Groovy script file to run immediately after QuPath is launched.	PENDING				0.7.0		
Prefs.General.checkForUpdates	Check for updates on startup	Check for updates on startup	PENDING				0.7.0		
Prefs.General.checkForUpdates.description	Automatically check for updates when QuPath is started, and show a message if a new version is available.	Automatically check for updates when QuPath is started, and show a message if a new version is available.	PENDING				0.7.0		
Prefs.General.showImageNameInTitle	Show image name in window title	Show image name in window title	PENDING				0.7.0		
Prefs.General.showImageNameInTitle.description	Show the name of the current image in the main QuPath title bar (turn this off if the name shouldn't be seen).	Show the name of the current image in the main QuPath title bar (turn this off if the name shouldn't be seen).	PENDING				0.7.0		
Prefs.General.maskImageNames	Mask image names in projects	Mask image names in projects	PENDING				0.7.0		
Prefs.General.maskImageNames.description	Mask the image names when using projects, to help reduce the potential for user bias during analysis.	Mask the image names when using projects, to help reduce the potential for user bias during analysis.	PENDING				0.7.0		
Prefs.General.skipProjectUriChecks	Skip file checks in projects	Skip file checks in projects	PENDING				0.7.0		
Prefs.General.skipProjectUriChecks.description	Avoid checking files exist in the project browser. This might help in cases where the project browser is slow because of network latency.	Avoid checking files exist in the project browser. This might help in cases where the project browser is slow because of network latency.	PENDING				0.7.0		
Prefs.General.maxMemory	Set max memory %	Set max memory %	PENDING				0.7.0		
Prefs.General.maxMemory.description	Set the maximum memory for Java as a percentage of available memory (permitted range 10-90%).\nNote that some commands (e.g. pixel classification) may still use more memory when needed,\nso the default value of 50% is recommended for most systems.	Set the maximum memory for Java as a percentage of available memory (permitted range 10-90%).\nNote that some commands (e.g. pixel classification) may still use more memory when needed,\nso the default value of 50% is recommended for most systems.	PENDING				0.7.0		
Prefs.General.tileCache	Percentage memory for tile caching	Percentage memory for tile caching	PENDING				0.7.0		
Prefs.General.tileCache.description	Percentage of maximum memory to use for caching image tiles (must be >10% and <90%; suggested value is 25%).\nA high value can improve performance (especially for multichannel images), but increases risk of out-of-memory errors.\nChanges take effect when QuPath is restarted.	Percentage of maximum memory to use for caching image tiles (must be >10% and <90%; suggested value is 25%).\nA high value can improve performance (especially for multichannel images), but increases risk of out-of-memory errors.\nChanges take effect when QuPath is restarted.	PENDING				0.7.0		
Prefs.General.logFiles	Create log files	Create log files	PENDING				0.7.0		
Prefs.General.logFiles.description	Create log files when using QuPath inside the QuPath user directory (useful for debugging & reporting errors).	Create log files when using QuPath inside the QuPath user directory (useful for debugging & reporting errors).	PENDING				0.7.0		
Prefs.General.showExperimental	Show experimental commands	Show experimental commands	PENDING				0.7.0		
Prefs.General.showExperimental.description	Include experimental commands within the menus - these are likely to be especially buggy and incomplete, but may occasionally be useful.	Include experimental commands within the menus - these are likely to be especially buggy and incomplete, but may occasionally be useful.	PENDING				0.7.0		
Prefs.General.showTMA	Show TMA commands	Show TMA commands	PENDING				0.7.0		
Prefs.General.showTMA.description	Include menu items related to Tissue Microarrays (TMAs).	Include menu items related to Tissue Microarrays (TMAs).	PENDING				0.7.0		
Prefs.General.showDeprecated	Show deprecated commands	Show deprecated commands	PENDING				0.7.0		
Prefs.General.showDeprecated.description	Include menu items related to legacy commands (no longer intended for use).	Include menu items related to legacy commands (no longer intended for use).	PENDING				0.7.0		
Prefs.General.hierarchyDisplay	Hierarchy detection display	Hierarchy detection display	PENDING				0.7.0		
Prefs.General.hierarchyDisplay.description	Choose how to display detections in the hierarchy tree view - choose 'None' for the best performance.	Choose how to display detections in the hierarchy tree view - choose 'None' for the best performance.	PENDING				0.7.0		
Prefs.General.logLevel	Log level	Log level	PENDING				0.7.0		
Prefs.General.logLevel.description	Logging level, which determines the number of logging messages.\nIt is recommended to use only INFO or DEBUG; more frequent logging (e.g. TRACE, ALL) will likely cause performance issues.	Logging level, which determines the number of logging messages.\nIt is recommended to use only INFO or DEBUG; more frequent logging (e.g. TRACE, ALL) will likely cause performance issues.	PENDING				0.7.0		
Prefs.General.numThreads	Number of parallel threads	Number of parallel threads	PENDING				0.7.0		
Prefs.General.numThreads.description	Set limit on number of processors to use for parallelization.\nThis should be > 0 and <= the available processors on the computer.\nIf outside this range, it will default to the available processors.\nIt's usually fine to use the default, but it may help to decrease it if you encounter out-of-memory errors.	Set limit on number of processors to use for parallelization.\nThis should be > 0 and <= the available processors on the computer.\nIf outside this range, it will default to the available processors.\nIt's usually fine to use the default, but it may help to decrease it if you encounter out-of-memory errors.	PENDING				0.7.0		
Prefs.General.imageType	Set image type	Set image type	PENDING				0.7.0		
Prefs.General.imageType.description	Automatically estimate & set the image type on first opening (e.g. H&E, H-DAB, fluorescence), prompt or leave unset.\nEstimating can be handy, but be aware it might not always be correct - and you should always check!\nThe image type influences some available commands, e.g. how stains are separated for display or cell detections.	Automatically estimate & set the image type on first opening (e.g. H&E, H-DAB, fluorescence), prompt or leave unset.\nEstimating can be handy, but be aware it might not always be correct - and you should always check!\nThe image type influences some available commands, e.g. how stains are separated for display or cell detections.	PENDING				0.7.0		
Prefs.General.commandBar	Command bar display mode	Command bar display mode	PENDING				0.7.0		
Prefs.General.commandBar.description	Mode used to display command finder text field on top of the viewer.	Mode used to display command finder text field on top of the viewer.	PENDING				0.7.0		
Prefs.Drawing.returnToMove	Return to Move Tool automatically	Return to Move Tool automatically	PENDING				0.7.0		
Prefs.Drawing.returnToMove.description	Return selected tool to 'Move' automatically after drawing a ROI (applies to all drawing tools except brush & wand).	Return selected tool to 'Move' automatically after drawing a ROI (applies to all drawing tools except brush & wand).	PENDING				0.7.0		
Prefs.Drawing.pixelSnapping	Use pixel snapping	Use pixel snapping	PENDING				0.7.0		
Prefs.Drawing.pixelSnapping.description	Automatically snap pixels to integer coordinates when using drawing tools (some tools, e.g. line, points may override this).	Automatically snap pixels to integer coordinates when using drawing tools (some tools, e.g. line, points may override this).	PENDING				0.7.0		
Prefs.Drawing.clipROIsForHierarchy	Clip ROIs to hierarchy	Clip ROIs to hierarchy	PENDING				0.7.0		
Prefs.Drawing.clipROIsForHierarchy.description	Automatically clip ROIs so that they don't extend beyond a parent annotation, or encroach on a child annotation - this helps keep the hierarchy easier to interpret, without overlaps.\nThe setting can be overridden by pressing the 'shift' key.	Automatically clip ROIs so that they don't extend beyond a parent annotation, or encroach on a child annotation - this helps keep the hierarchy easier to interpret, without overlaps.\nThe setting can be overridden by pressing the 'shift' key.	PENDING				0.7.0		
Prefs.Drawing.brushDiameter	Brush diameter	Brush diameter	PENDING				0.7.0		
Prefs.Drawing.brushDiameter.description	Set the default brush diameter.	Set the default brush diameter.	PENDING				0.7.0		
Prefs.Drawing.tileBrush	Use tile brush	Use tile brush	PENDING				0.7.0		
Prefs.Drawing.tileBrush.description	Adapt brush tool to select tiles, where available.	Adapt brush tool to select tiles, where available.	PENDING				0.7.0		
Prefs.Drawing.brushScaleByMag	Scale brush by magnification	Scale brush by magnification	PENDING				0.7.0		
Prefs.Drawing.brushScaleByMag.description	Adapt brush size by magnification, so higher magnification gives a finer brush.	Adapt brush size by magnification, so higher magnification gives a finer brush.	PENDING				0.7.0		
Prefs.Drawing.useMultipoint	Use multipoint tool	Use multipoint tool	PENDING				0.7.0		
Prefs.Drawing.useMultipoint.description	With the Counting tool, add points to an existing object if possible.\nThe alternative is to create a new point with every click.	With the Counting tool, add points to an existing object if possible.\nThe alternative is to create a new point with every click.	PENDING				0.7.0		
Prefs.Drawing.pointRadius	Point radius	Point radius	PENDING				0.7.0		
Prefs.Drawing.pointRadius.description	Set the default point radius to display in the viewer.	Set the default point radius to display in the viewer.	PENDING				0.7.0		
Prefs.Drawing.wandType	Wand color type	Wand color type	PENDING				0.7.0		
Prefs.Drawing.wandType.description	Specify colorspace when using the wand; if 'gray' then the wand uses 'darkness' without reference to the specific color	Specify colorspace when using the wand; if 'gray' then the wand uses 'darkness' without reference to the specific color	PENDING				0.7.0		
Prefs.Drawing.wandSigma	Wand smoothing	Wand smoothing	PENDING				0.7.0		
Prefs.Drawing.wandSigma.description	Set the smoothing used by the wand tool - higher values lead to larger, smoother regions (default = 4.0)	Set the smoothing used by the wand tool - higher values lead to larger, smoother regions (default = 4.0)	PENDING				0.7.0		
Prefs.Drawing.wandSensivity	Wand sensitivity	Wand sensitivity	PENDING				0.7.0		
Prefs.Drawing.wandSensivity.description	Set the sensitivity of the wand tool - lower values make it pay less attention to local intensities, and act more like the brush tool (default = 2.0)	Set the sensitivity of the wand tool - lower values make it pay less attention to local intensities, and act more like the brush tool (default = 2.0)	PENDING				0.7.0		
Prefs.Drawing.wandUseOverlays	Wand use overlays	Wand use overlays	PENDING				0.7.0		
Prefs.Drawing.wandUseOverlays.description	Use image overlay information to influence the regions created with the wand tool	Use image overlay information to influence the regions created with the wand tool	PENDING				0.7.0		
Prefs.InputOutput.minPyramidDimension	Minimum image dimension for pyramidalizing	Minimum image dimension for pyramidalizing	PENDING				0.7.0		
Prefs.InputOutput.minPyramidDimension.description	Allow an image pyramid to be calculated for a single-resolution image if either the width or height is greater than this size.	Allow an image pyramid to be calculated for a single-resolution image if either the width or height is greater than this size.	PENDING				0.7.0		
Prefs.InputOutput.tmaExportDownsample	TMA export downsample factor	TMA export downsample factor	PENDING				0.7.0		
Prefs.InputOutput.tmaExportDownsample.description	Amount to downsample TMA core images when exporting; higher downsample values give smaller image.\nChoosing 1 exports cores at full-resolution (which may be slow).	Amount to downsample TMA core images when exporting; higher downsample values give smaller image.\nChoosing 1 exports cores at full-resolution (which may be slow).	PENDING				0.7.0		
Prefs.Locale.default	Main language	Main language	PENDING				0.7.0		
Prefs.Locale.default.description	Global default locale setting; changing this can update both display and format locales.\nIt is *strongly* recommended to use English (United States) for consistent formatting, especially of \ndecimal numbers (using . as the decimal separator).\n\nYou can reset the locale by double-clicking on the dropdown menu.	Global default locale setting; changing this can update both display and format locales.\nIt is *strongly* recommended to use English (United States) for consistent formatting, especially of \ndecimal numbers (using . as the decimal separator).\n\nYou can reset the locale by double-clicking on the dropdown menu.	PENDING				0.7.0		
Prefs.Locale.display	User-interface	User-interface	PENDING				0.7.0		
Prefs.Locale.display.description	Locale used for display messages.\nIt is recommended to use English (United States) for consistent formatting.\nOther languages *may* be available if extra language support has been added.	Locale used for display messages.\nIt is recommended to use English (United States) for consistent formatting.\nOther languages *may* be available if extra language support has been added.	PENDING				0.7.0		
Prefs.Locale.format	Dates & numbers	Dates & numbers	PENDING				0.7.0		
Prefs.Locale.format.description	Locale used for formatting dates, numbers etc.\nIt is *strongly* recommended to use English (United States) for consistent formatting, especially of \ndecimal numbers (using . as the decimal separator).\n\nYou can reset the locale by double-clicking on the dropdown menu.	Locale used for formatting dates, numbers etc.\nIt is *strongly* recommended to use English (United States) for consistent formatting, especially of \ndecimal numbers (using . as the decimal separator).\n\nYou can reset the locale by double-clicking on the dropdown menu.	PENDING				0.7.0		
Prefs.Measurements.thumbnails	Include thumbnails	Include thumbnails	PENDING				0.7.0		
Prefs.Measurements.thumbnails.description	Show thumbnail images by default for each object in a measurements table.	Show thumbnail images by default for each object in a measurements table.	PENDING				0.7.0		
Prefs.Measurements.ids	Include object IDs	Include object IDs	PENDING				0.7.0		
Prefs.Measurements.ids.description	Show object ID column by default in a measurements table.	Show object ID column by default in a measurements table.	PENDING				0.7.0		
Prefs.Undo.maxUndoLevels	Max undo levels	Max undo levels	PENDING				0.7.0		
Prefs.Undo.maxUndoLevels.description	Maximum number of 'undo' levels to support.	Maximum number of 'undo' levels to support.	PENDING				0.7.0		
Prefs.Undo.maxUndoHierarchySize	Max undo hierarchy size	Max undo hierarchy size	PENDING				0.7.0		
Prefs.Undo.maxUndoHierarchySize.description	Maximum number of objects in hierarchy before 'undo' switches off (for performance reasons).	Maximum number of objects in hierarchy before 'undo' switches off (for performance reasons).	PENDING				0.7.0		
Prefs.Scripting.scriptsPath	Script directory	Script directory	PENDING				0.7.0		
Prefs.Scripting.scriptsPath.description	Path to a directory that contains scripts that should be available through the QuPath menus.	Path to a directory that contains scripts that should be available through the QuPath menus.	PENDING				0.7.0		
Prefs.Extensions.userPath	QuPath user directory	QuPath user directory	PENDING				0.7.0		
Prefs.Extensions.userPath.description	Path to the QuPath user directory, which can contain scripts, logs and extensions.\nPlease restart QuPath after setting this.	Path to the QuPath user directory, which can contain scripts, logs and extensions.\nPlease restart QuPath after setting this.	PENDING				0.7.0		
Prefs.Objects.clipboard	Maximum number of clipboard objects	Maximum number of clipboard objects	PENDING				0.7.0		
Prefs.Objects.clipboard.description	The maximum number of objects that can be copied to the system clipboard.\nAttempting to copy too many may fail, or cause QuPath to hang.\nIf you need more objects, it is better to export as GeoJSON and then import later.	The maximum number of objects that can be copied to the system clipboard.\nAttempting to copy too many may fail, or cause QuPath to hang.\nIf you need more objects, it is better to export as GeoJSON and then import later.	PENDING				0.7.0		
Prefs.Objects.annotationLineThickness	Annotation line thickness	Annotation line thickness	PENDING				0.7.0		
Prefs.Objects.annotationLineThickness.description	Thickness (in display pixels) for annotation/TMA core object outlines (default = 2)	Thickness (in display pixels) for annotation/TMA core object outlines (default = 2)	PENDING				0.7.0		
Prefs.Objects.detectionLineThickness	Detection line thickness	Detection line thickness	PENDING				0.7.0		
Prefs.Objects.detectionLineThickness.description	Thickness (in image pixels) for detection object outlines (default = 2)	Thickness (in image pixels) for detection object outlines (default = 2)	PENDING				0.7.0		
Prefs.Objects.newDetectionRendering	Update detection line thickness with zoom	Update detection line thickness with zoom	PENDING				0.7.0		
Prefs.Objects.newDetectionRendering.description	Render detection objects with a stroke thickness that scales with the zoom level at high magnification (new in v0.6.0)	Render detection objects with a stroke thickness that scales with the zoom level at high magnification (new in v0.6.0)	PENDING				0.7.0		
Prefs.Objects.useSelectedColor	Use selected color	Use selected color	PENDING				0.7.0		
Prefs.Objects.useSelectedColor.description	Highlight selected objects by recoloring them; otherwise, a slightly thicker line thickness will be used	Highlight selected objects by recoloring them; otherwise, a slightly thicker line thickness will be used	PENDING				0.7.0		
Prefs.Objects.selectedColor	Selected object color	Selected object color	PENDING				0.7.0		
Prefs.Objects.selectedColor.description	Set the color used to highly the selected object, if 'Use selected color' is turned on	Set the color used to highly the selected object, if 'Use selected color' is turned on	PENDING				0.7.0		
Prefs.Objects.defaultColor	Default object color	Default object color	PENDING				0.7.0		
Prefs.Objects.defaultColor.description	Set the default color for any objects that don't have a color of classification set	Set the default color for any objects that don't have a color of classification set	PENDING				0.7.0		
Prefs.Objects.tmaCoreColor	TMA core color	TMA core color	PENDING				0.7.0		
Prefs.Objects.tmaCoreColor.description	Set the default color for TMA core objects	Set the default color for TMA core objects	PENDING				0.7.0		
Prefs.Objects.tmaCoreMissingOpacity	TMA missing opacity	TMA missing opacity	PENDING				0.7.0		
Prefs.Objects.tmaCoreMissingOpacity.description	Set the opacity to use when drawing missing TMA core objects	Set the opacity to use when drawing missing TMA core objects	PENDING				0.7.0		
Prefs.Viewer.placeholderText	Show viewer placeholder text	Show viewer placeholder text	PENDING				0.7.0		
Prefs.Viewer.placeholderText.description	Show placeholder text in the viewer whenever it is empty	Show placeholder text in the viewer whenever it is empty	PENDING				0.7.0		
Prefs.Viewer.backgroundColor	Viewer background color	Viewer background color	PENDING				0.7.0		
Prefs.Viewer.backgroundColor.description	Set the color to show behind any image in the viewer (i.e. beyond the image bounds).	Set the color to show behind any image in the viewer (i.e. beyond the image bounds).	PENDING				0.7.0		
Prefs.Viewer.alwaysPaintSelected	Always paint selected objects	Always paint selected objects	PENDING				0.7.0		
Prefs.Viewer.alwaysPaintSelected.description	Always paint selected objects, even if the overlay opacity is set to 0	Always paint selected objects, even if the overlay opacity is set to 0	PENDING				0.7.0		
Prefs.Viewer.keepDisplaySettings	Keep channel settings	Keep channel settings	PENDING				0.7.0		
Prefs.Viewer.keepDisplaySettings.description	Keep channel display settings (channel colors, brightness/contrast) when opening similar images	Keep channel display settings (channel colors, brightness/contrast) when opening similar images	PENDING				0.7.0		
Prefs.Viewer.interpolateBilinear	Use bilinear interpolation	Use bilinear interpolation	PENDING				0.7.0		
Prefs.Viewer.interpolateBilinear.description	Use bilinear interpolation for displaying image in the viewer (default is nearest-neighbor).	Use bilinear interpolation for displaying image in the viewer (default is nearest-neighbor).	PENDING				0.7.0		
Prefs.Viewer.autoSaturationPercent	Auto Brightness/Contrast saturation %	Auto Brightness/Contrast saturation %	PENDING				0.7.0		
Prefs.Viewer.autoSaturationPercent.description	Set % bright and % dark pixels that should be saturated when applying 'Auto' brightness/contrast settings.	Set % bright and % dark pixels that should be saturated when applying 'Auto' brightness/contrast settings.	PENDING				0.7.0		
Prefs.Viewer.invertZSlider	Invert z-position slider	Invert z-position slider	PENDING				0.7.0		
Prefs.Viewer.invertZSlider.description	Invert the vertical slider used to scroll between z-slices (useful for anyone for whom the default orientation seems counterintuitive).	Invert the vertical slider used to scroll between z-slices (useful for anyone for whom the default orientation seems counterintuitive).	PENDING				0.7.0		
Prefs.Viewer.scrollSpeed	Scroll speed %	Scroll speed %	PENDING				0.7.0		
Prefs.Viewer.scrollSpeed.description	Adjust the scrolling speed - 100% is 'normal', while lower values lead to slower scrolling	Adjust the scrolling speed - 100% is 'normal', while lower values lead to slower scrolling	PENDING				0.7.0		
Prefs.Viewer.navigationSpeed	Navigation speed %	Navigation speed %	PENDING				0.7.0		
Prefs.Viewer.navigationSpeed.description	Adjust the navigation speed - 100% is 'normal', while lower values lead to slower navigation	Adjust the navigation speed - 100% is 'normal', while lower values lead to slower navigation	PENDING				0.7.0		
Prefs.Viewer.navigationAcceleration	Use navigation acceleration	Use navigation acceleration	PENDING				0.7.0		
Prefs.Viewer.navigationAcceleration.description	Apply acceleration/deceleration effects when holding and releasing a navigation key.	Apply acceleration/deceleration effects when holding and releasing a navigation key.	PENDING				0.7.0		
Prefs.Viewer.skipMissingCores	Skip missing TMA cores	Skip missing TMA cores	PENDING				0.7.0		
Prefs.Viewer.skipMissingCores.description	Jumps over missing TMA cores when navigating TMA grids using the arrow keys.	Jumps over missing TMA cores when navigating TMA grids using the arrow keys.	PENDING				0.7.0		
Prefs.Viewer.iseScrollGestures	Use scroll touch gestures	Use scroll touch gestures	PENDING				0.7.0		
Prefs.Viewer.iseScrollGestures.description	Use scroll gestures with touchscreens or touchpads to navigate the slide.	Use scroll gestures with touchscreens or touchpads to navigate the slide.	PENDING				0.7.0		
Prefs.Viewer.invertScrolling	Invert scrolling	Invert scrolling	PENDING				0.7.0		
Prefs.Viewer.invertScrolling.description	Invert the effect of scrolling - may counteract system settings that don't play nicely with QuPath.	Invert the effect of scrolling - may counteract system settings that don't play nicely with QuPath.	PENDING				0.7.0		
Prefs.Viewer.useZoomGestures	Use zoom touch gestures	Use zoom touch gestures	PENDING				0.7.0		
Prefs.Viewer.useZoomGestures.description	Use 'pinch-to-zoom' gestures with touchscreens or touchpads.	Use 'pinch-to-zoom' gestures with touchscreens or touchpads.	PENDING				0.7.0		
Prefs.Viewer.useRotateGestures	Use rotate touch gestures	Use rotate touch gestures	PENDING				0.7.0		
Prefs.Viewer.useRotateGestures.description	Use rotation gestures with touchscreens or touchpads to navigate the slide.	Use rotation gestures with touchscreens or touchpads to navigate the slide.	PENDING				0.7.0		
Prefs.Viewer.enableFreehand	Enable freehand mode for polygon and polyline tools	Enable freehand mode for polygon and polyline tools	PENDING				0.7.0		
Prefs.Viewer.enableFreehand.description	When starting to draw a polygon/polyline by clicking & dragging, optionally end ROI by releasing mouse button (rather than double-clicking).	When starting to draw a polygon/polyline by clicking & dragging, optionally end ROI by releasing mouse button (rather than double-clicking).	PENDING				0.7.0		
Prefs.Viewer.doubleClickToZoom	Use double-click to zoom	Use double-click to zoom	PENDING				0.7.0		
Prefs.Viewer.doubleClickToZoom.description	Zoom in when double-clicking on image (if not inside an object) with move tool; zoom out if Alt or Ctrl/Cmd is held down.	Zoom in when double-clicking on image (if not inside an object) with move tool; zoom out if Alt or Ctrl/Cmd is held down.	PENDING				0.7.0		
Prefs.Viewer.scalebarFontSize	Scalebar font size	Scalebar font size	PENDING				0.7.0		
Prefs.Viewer.scalebarFontSize.description	Adjust font size for the scalebar	Adjust font size for the scalebar	PENDING				0.7.0		
Prefs.Viewer.scalebarFontWeight	Scalebar font weight	Scalebar font weight	PENDING				0.7.0		
Prefs.Viewer.scalebarFontWeight.description	Adjust font weight for the scalebar	Adjust font weight for the scalebar	PENDING				0.7.0		
Prefs.Viewer.scalebarLineWidth	Scalebar thickness	Scalebar thickness	PENDING				0.7.0		
Prefs.Viewer.scalebarLineWidth.description	Adjust line thickness for the scalebar	Adjust line thickness for the scalebar	PENDING				0.7.0		
Prefs.Viewer.locationFontSize	Location text font size	Location text font size	PENDING				0.7.0		
Prefs.Viewer.locationFontSize.description	Adjust font size for location text	Adjust font size for location text	PENDING				0.7.0		
Prefs.Viewer.calibratedLocationString	Use calibrated location text	Use calibrated location text	PENDING				0.7.0		
Prefs.Viewer.calibratedLocationString.description	Show pixel locations on the viewer in µm where possible	Show pixel locations on the viewer in µm where possible	PENDING				0.7.0		
Prefs.Viewer.gridSpacingX	Grid spacing X	Grid spacing X	PENDING				0.7.0		
Prefs.Viewer.gridSpacingX.description	Horizontal grid spacing when displaying a grid on the viewer	Horizontal grid spacing when displaying a grid on the viewer	PENDING				0.7.0		
Prefs.Viewer.gridSpacingY	Grid spacing Y	Grid spacing Y	PENDING				0.7.0		
Prefs.Viewer.gridSpacingY.description	Vertical grid spacing when displaying a grid on the viewer	Vertical grid spacing when displaying a grid on the viewer	PENDING				0.7.0		
Prefs.Viewer.gridScaleMicrons	Grid spacing in µm	Grid spacing in µm	PENDING				0.7.0		
Prefs.Viewer.gridScaleMicrons.description	Use µm units where possible when defining grid spacing	Use µm units where possible when defining grid spacing	PENDING				0.7.0		
Prefs.localeChanged	Region & language updated - you may need to restart QuPath to see all the changes	Region & language updated - you may need to restart QuPath to see all the changes	PENDING				0.7.0		
Prefs.localeReset	Reset locale	Reset locale	PENDING				0.7.0		
Prefs.localeResetMessage	"""Reset locale to 'English (United States)'?"""	"""Reset locale to 'English (United States)'?"""	PENDING				0.7.0		
Prefs.maxMemoryChanged	Max memory setting has been changed - you'll need to restart QuPath for this to take effect	Max memory setting has been changed - you'll need to restart QuPath for this to take effect	PENDING				0.7.0		
Prefs.maxMemoryFailed	Unable to set max memory - sorry!\nCheck the FAQs or ReadTheDocs for details of how to set the memory limit by editing QuPath's config file.	Unable to set max memory - sorry!\nCheck the FAQs or ReadTheDocs for details of how to set the memory limit by editing QuPath's config file.	PENDING				0.7.0		
Prefs.BioFormats.enable	Enable Bio-Formats	Enable Bio-Formats	PENDING				0.7.0		
Prefs.BioFormats.enable.description	Allow QuPath to use Bio-Formats for image reading.	Allow QuPath to use Bio-Formats for image reading.	PENDING				0.7.0		
Prefs.BioFormats.localOnly	Local files only	Local files only	PENDING				0.7.0		
Prefs.BioFormats.localOnly.description	Limit Bio-Formats to only opening local files, not other URLs.\nAllowing Bio-Formats to open URLs can cause performance issues if this results in attempting to open URLs intended to be read using other image servers.	Limit Bio-Formats to only opening local files, not other URLs.\nAllowing Bio-Formats to open URLs can cause performance issues if this results in attempting to open URLs intended to be read using other image servers.	PENDING				0.7.0		
Prefs.BioFormats.useParallelization	Enable Bio-Formats tile parallelization	Enable Bio-Formats tile parallelization	PENDING				0.7.0		
Prefs.BioFormats.useParallelization.description	Enable reading image tiles in parallel when using Bio-Formats.	Enable reading image tiles in parallel when using Bio-Formats.	PENDING				0.7.0		
Prefs.BioFormats.memoizationTimeMillis	Bio-Formats memoization time (ms)	Bio-Formats memoization time (ms)	PENDING				0.7.0		
Prefs.BioFormats.memoizationTimeMillis.description	Specify how long a file requires to open before Bio-Formats will create a .bfmemo file to improve performance (set < 0 to never use memoization)	Specify how long a file requires to open before Bio-Formats will create a .bfmemo file to improve performance (set < 0 to never use memoization)	PENDING				0.7.0		
Prefs.BioFormats.pathMemoization	Bio-Formats memoization directory	Bio-Formats memoization directory	PENDING				0.7.0		
Prefs.BioFormats.pathMemoization.description	Choose directory where Bio-Formats should write cache files for memoization; by default the directory where the image is stored will be used.	Choose directory where Bio-Formats should write cache files for memoization; by default the directory where the image is stored will be used.	PENDING				0.7.0		
Prefs.BioFormats.alwaysUseExtensions	Always use Bio-Formats for specified image extensions	Always use Bio-Formats for specified image extensions	PENDING				0.7.0		
Prefs.BioFormats.alwaysUseExtensions.description	Request that Bio-Formats is always the file reader used for images with specific extensions; enter as a list with spaces between each entry	Request that Bio-Formats is always the file reader used for images with specific extensions; enter as a list with spaces between each entry	PENDING				0.7.0		
Prefs.BioFormats.skipExtensions	Never use Bio-Formats for specified image extensions	Never use Bio-Formats for specified image extensions	PENDING				0.7.0		
Prefs.BioFormats.skipExtensions.description	Request that Bio-Formats is never the file reader used for images with specific extensions; enter as a list with spaces between each entry	Request that Bio-Formats is never the file reader used for images with specific extensions; enter as a list with spaces between each entry	PENDING				0.7.0		
DragDrop	Drag & Drop	Drag & Drop	PENDING				0.7.0		
DragDrop.loadData	Load data	Load data	PENDING				0.7.0		
DragDrop.loadMessage	Please drag the file onto a specific viewer to open!	Please drag the file onto a specific viewer to open!	PENDING				0.7.0		
DragDrop.openImage	Open image	Open image	PENDING				0.7.0		
DragDrop.importObjects	Import objects	Import objects	PENDING				0.7.0		
DragDrop.openData	Open data	Open data	PENDING				0.7.0		
DragDrop.chooseData	What do you want to do with the data file?	What do you want to do with the data file?	PENDING				0.7.0		
DragDrop.chooseDataOptions	"""You can\n 1. Open the image in the current viewer\n 2. Import objects and add them to the current image."	"""You can\n 1. Open the image in the current viewer\n 2. Import objects and add them to the current image."	PENDING				0.7.0		
DragDrop.selectProject	Select project	Select project	PENDING				0.7.0		
DragDrop.selectProjectToOpen	Select project to open	Select project to open	PENDING				0.7.0		
DragDrop.createProject	Create project	Create project	PENDING				0.7.0		
DragDrop.createProjectForEmptyDirectory	Create project for empty directory?	Create project for empty directory?	PENDING				0.7.0		
DragDrop.TMAGridImport	TMA grid import	TMA grid import	PENDING				0.7.0		
DragDrop.TMAGridImportImageError	Please open an image first before importing a de-arrayed TMA grid!	Please open an image first before importing a de-arrayed TMA grid!	PENDING				0.7.0		
DragDrop.TMAGridSetHierarchy	"""Set TMA grid for existing hierarchy?"""	"""Set TMA grid for existing hierarchy?"""	PENDING				0.7.0		
DragDrop.TMAGridParseError	Could not parse TMA grid from %s	Could not parse TMA grid from %s	PENDING				0.7.0		
DragDrop.specificViewer	Please drag the file on a specific viewer to open!	Please drag the file on a specific viewer to open!	PENDING				0.7.0		
DragDrop.projectForMultipleFiles	Could not handle multiple file drop - if you want to handle multiple images, you need to create a project first	Could not handle multiple file drop - if you want to handle multiple images, you need to create a project first	PENDING				0.7.0		
DragDrop.couldNotHandleFiles	Sorry, I couldn't figure out what to do with these files - try opening one at a time	Sorry, I couldn't figure out what to do with these files - try opening one at a time	PENDING				0.7.0		
DragDrop.couldNotHandleFile	Sorry, I couldn't figure out what to do with %s	Sorry, I couldn't figure out what to do with %s	PENDING				0.7.0		
ExtensionLoader.extensionLoaded	Extension loaded	Extension loaded	PENDING				0.7.0		
ExtensionLoader.extensionError	Extension error	Extension error	PENDING				0.7.0		
ExtensionLoader.unableToLoad	Unable to load {0}	Unable to load {0}	PENDING				0.7.0		
ExtensionLoader.imageServerLoaded	Image server loaded	Image server loaded	PENDING				0.7.0		
UpdateManager.updateCheck	Update check	Update check	PENDING				0.7.0		
UpdateManager.noUpdatesFound	No updates found!	No updates found!	PENDING				0.7.0		
UpdateManager.cannotCreateUpdateWindow	Cannot create update manager window	Cannot create update manager window	PENDING				0.7.0		
UpdateManager.updatesAvailable	Updates are available!\nDouble-click an entry to open the update, if available.	Updates are available!\nDouble-click an entry to open the update, if available.	PENDING				0.7.0		
UpdateManager.noAvailableUrl	No available URL	No available URL	PENDING				0.7.0		
UpdateManager.openExtensionManager	Open extension manager	Open extension manager	PENDING				0.7.0		
UpdateManagerContainer.name	Name	Name	PENDING				0.7.0		
UpdateManagerContainer.currentVersion	Current version	Current version	PENDING				0.7.0		
UpdateManagerContainer.newVersion	New version	New version	PENDING				0.7.0		
UpdateManagerContainer.checkForUpdates	Check for updates on startup:	Check for updates on startup:	PENDING				0.7.0		
UpdateManagerContainer.noUpdatesAvailable	No updates available	No updates available	PENDING				0.7.0		
ShowInstalledExtensionsCommand.extensionManager	Extension manager	Extension manager	PENDING				0.7.0		
ShowInstalledExtensionsCommand.unableToOpen	Unable to open the extension manager	Unable to open the extension manager	PENDING				0.7.0		
GridView.title	Object grid view	Object grid view	PENDING				0.7.0		
GridView.TMAGridView	TMA core grid view	TMA core grid view	PENDING				0.7.0		
GridView.AnnotationGridView	Annotation object grid view	Annotation object grid view	PENDING				0.7.0		
GridView.noObjectsAvailable	No objects available!	No objects available!	PENDING				0.7.0		
GridView.classification	Classification	Classification	PENDING				0.7.0		
GridView.unclassified	Unclassified	Unclassified	PENDING				0.7.0		
GridView.name	Name	Name	PENDING				0.7.0		
GridView.ascending	Ascending	Ascending	PENDING				0.7.0		
GridView.descending	Descending	Descending	PENDING				0.7.0		
GridView.noMeasurements	No measurements!	No measurements!	PENDING				0.7.0		
GridView.showValue	Show value	Show value	PENDING				0.7.0		
GridView.animate	Animate	Animate	PENDING				0.7.0		
GridView.sortBy	Sort by	Sort by	PENDING				0.7.0		
GridView.order	Order	Order	PENDING				0.7.0		
GridView.size	Size	Size	PENDING				0.7.0		
GridView.classes	Classes	Classes	PENDING				0.7.0		
GridView.noClassSelected	No classes selected	No classes selected	PENDING				0.7.0		
GridView.nClassSelected	%d classes selected	%d classes selected	PENDING				0.7.0		
Measurements.Export.title	Export measurements	Export measurements	PENDING				0.7.0		
Measurements.Export.button.export	Export	Export	PENDING				0.7.0		
Measurements.Export.sameImageWarning	A selected image is open in the viewer!/\nData should be saved before exporting.	A selected image is open in the viewer!/\nData should be saved before exporting.	PENDING				0.7.0		
Measurements.Export.chooseFile.label	Output file	Output file	PENDING				0.7.0		
Measurements.Export.chooseFile.tooltip	Choose output file	Choose output file	PENDING				0.7.0		
Measurements.Export.chooseFile.button	Choose	Choose	PENDING				0.7.0		
Measurements.Export.objectType.label	Object type	Object type	PENDING				0.7.0		
Measurements.Export.objectType.tooltip	Choose the object type to export	Choose the object type to export	PENDING				0.7.0		
Measurements.Export.separator.label	File type	File type	PENDING				0.7.0		
Measurements.Export.separator.tooltip	Choose the export file type and column separator	Choose the export file type and column separator	PENDING				0.7.0		
Measurements.Export.columns.allColumns	All columns	All columns	PENDING				0.7.0		
Measurements.Export.columns.label	Columns to include	Columns to include	PENDING				0.7.0		
Measurements.Export.columns.tooltip	Choose the specific column(s) to include (default: all)	Choose the specific column(s) to include (default: all)	PENDING				0.7.0		
Measurements.Export.columns.button.populate	Populate	Populate	PENDING				0.7.0		
Measurements.Export.columns.button.reset	Reset	Reset	PENDING				0.7.0		
Measurements.Export.save.title	Output file	Output file	PENDING				0.7.0		
Measurements.Export.progress.header	Exporting measurements...	Exporting measurements...	PENDING				0.7.0		
Measurements.Export.progress.cancel.title	Cancel export	Cancel export	PENDING				0.7.0		
Measurements.Export.progress.cancel.header	Cancelling...	Cancelling...	PENDING				0.7.0		
Measurements.Export.progress.cancel.text	Are you sure you want to stop the export after the current image?	Are you sure you want to stop the export after the current image?	PENDING				0.7.0		
Measurements.Export.failed.title	Export failed	Export failed	PENDING				0.7.0		
Measurements.Export.interrupted.title	Export interrupted	Export interrupted	PENDING				0.7.0		
Measurements.Export.interrupted.text	Measurement export was cancelled.	Measurement export was cancelled.	PENDING				0.7.0		
Measurements.Export.type.image	Image (summary)	Image (summary)	PENDING				0.7.0		
Measurements.Export.projectMetadata.label	Project metadata	Project metadata	PENDING				0.7.0		
Measurements.Export.projectMetadata.tooltip	Include project metadata values as extra columns (where available)	Include project metadata values as extra columns (where available)	PENDING				0.7.0		
